timestamp,open,high,low,close,volume
2026-06-12 02:00:00,95000.0,95001.52758,94999.99998,95001.52756,78.79
2026-06-12 02:01:00,95001.52756,95009.0666,95001.52755,95009.06659,185.98
2026-06-12 02:02:00,95009.06659,95009.10518,95009.06655,95009.10514,68.95
2026-06-12 02:03:00,95009.10514,95018.64067,95009.10507,95018.64059,113.59
2026-06-12 02:04:00,95018.64059,95019.88067,95018.64048,95019.88056,167.1
2026-06-12 02:05:00,95019.88056,95019.88066,95015.37417,95015.37427,165.8
2026-06-12 02:06:00,95015.37427,95016.32921,95015.37424,95016.32917,93.27
2026-06-12 02:07:00,95016.32917,95016.32925,95013.60362,95013.60369,117.57
2026-06-12 02:08:00,95013.60369,95015.64355,95013.60369,95015.64355,98.71
2026-06-12 02:09:00,95015.64355,95015.6436,95010.31327,95010.31332,167.47
2026-06-12 02:10:00,95010.31332,95022.72929,95010.31329,95022.72926,289.42
2026-06-12 02:11:00,95022.72926,95033.10751,95022.72925,95033.1075,139.52
2026-06-12 02:12:00,95033.1075,95033.10754,95026.68336,95026.6834,181.8
2026-06-12 02:13:00,95026.6834,95026.68341,95014.15457,95014.15458,209.72
2026-06-12 02:14:00,95014.15458,95014.15459,95012.80939,95012.80941,120.01
2026-06-12 02:15:00,95012.80941,95016.96257,95012.8094,95016.96256,113.11
2026-06-12 02:16:00,95016.96256,95018.14639,95016.96256,95018.14639,120.61
2026-06-12 02:17:00,95018.14639,95018.14641,95008.93059,95008.93061,127.55
2026-06-12 02:18:00,95008.93061,95008.93065,94996.23746,94996.2375,176.29
2026-06-12 02:19:00,94996.2375,95010.59576,94996.23746,95010.59572,125.93
2026-06-12 02:20:00,95010.59572,95019.53724,95010.59571,95019.53723,128.74
2026-06-12 02:21:00,95019.53723,95019.5373,95006.25957,95006.25964,136.29
2026-06-12 02:22:00,95006.25964,95006.25964,95002.32809,95002.32809,180.31
2026-06-12 02:23:00,95002.32809,95002.32818,95000.96793,95000.96802,247.94
2026-06-12 02:24:00,95000.96802,95012.17168,95000.968,95012.17166,97.72
2026-06-12 02:25:00,95012.17166,95016.96838,95012.17158,95016.9683,192.87
2026-06-12 02:26:00,95016.9683,95016.96831,95003.03815,95003.03815,151.07
2026-06-12 02:27:00,95003.03815,95003.03818,95002.6454,95002.64544,192.84
2026-06-12 02:28:00,95002.64544,95002.64554,94997.22427,94997.22438,265.24
2026-06-12 02:29:00,94997.22438,95001.08438,94997.22435,95001.08435,150.06
2026-06-12 02:30:00,95001.08435,95001.08443,95000.96789,95000.96797,117.81
2026-06-12 02:31:00,95000.96797,95004.54231,95000.96795,95004.54228,154.67
2026-06-12 02:32:00,95004.54228,95005.63045,95004.54221,95005.63038,111.08
2026-06-12 02:33:00,95005.63038,95012.77203,95005.63036,95012.77201,178.28
2026-06-12 02:34:00,95012.77201,95012.77207,95008.73662,95008.73668,181.25
2026-06-12 02:35:00,95008.73668,95010.1371,95008.73664,95010.13706,119.92
2026-06-12 02:36:00,95010.13706,95010.13711,95005.60917,95005.60922,181.14
2026-06-12 02:37:00,95005.60922,95005.60927,95002.97543,95002.97548,135.74
2026-06-12 02:38:00,95002.97548,95002.9755,94999.98916,94999.98919,187.12
2026-06-12 02:39:00,94999.98919,94999.98924,94998.8972,94998.89726,184.08
2026-06-12 02:40:00,94998.89726,94998.89728,94990.74181,94990.74183,96.02
2026-06-12 02:41:00,94990.74183,94991.31735,94990.74168,94991.3172,97.9
2026-06-12 02:42:00,94991.3172,94997.63735,94991.31716,94997.63731,157.94
2026-06-12 02:43:00,94997.63731,94997.63744,94992.75445,94992.75458,132.04
2026-06-12 02:44:00,94992.75458,94992.75461,94978.15198,94978.15201,152.81
2026-06-12 02:45:00,94978.15201,94978.15202,94970.47925,94970.47925,226.66
2026-06-12 02:46:00,94970.47925,94971.76771,94970.47925,94971.7677,68.57
2026-06-12 02:47:00,94971.7677,94971.76773,94967.83819,94967.83821,124.83
2026-06-12 02:48:00,94967.83821,94970.01788,94967.83814,94970.01781,102.16
2026-06-12 02:49:00,94970.01781,94970.43537,94970.01775,94970.43531,155.39
2026-06-12 02:50:00,94970.43531,94981.33471,94970.43522,94981.33462,129.6
2026-06-12 02:51:00,94981.33462,94990.24854,94981.33462,94990.24853,200.58
2026-06-12 02:52:00,94990.24853,94990.24861,94988.24917,94988.24925,68.84
2026-06-12 02:53:00,94988.24925,94988.2493,94982.56977,94982.56982,127.8
2026-06-12 02:54:00,94982.56982,94982.56987,94978.23474,94978.23479,101.13
2026-06-12 02:55:00,94978.23479,94978.89237,94978.23475,94978.89233,153.27
2026-06-12 02:56:00,94978.89233,94985.97666,94978.89231,94985.97664,219.65
2026-06-12 02:57:00,94985.97664,94985.97677,94984.10937,94984.1095,141.71
2026-06-12 02:58:00,94984.1095,94984.21669,94984.10947,94984.21666,89.88
2026-06-12 02:59:00,94984.21666,94984.62437,94984.21663,94984.62434,214.52
2026-06-12 03:00:00,94984.62434,94984.62436,94980.52347,94980.5235,91.64
2026-06-12 03:01:00,94980.5235,94980.52351,94974.18445,94974.18446,150.55
2026-06-12 03:02:00,94974.18446,94977.71815,94974.18439,94977.71808,235.06
2026-06-12 03:03:00,94977.71808,94977.71811,94970.66263,94970.66267,109.99
2026-06-12 03:04:00,94970.66267,94970.6627,94966.81788,94966.81792,194.98
2026-06-12 03:05:00,94966.81792,94977.6106,94966.81782,94977.6105,169.25
2026-06-12 03:06:00,94977.6105,94983.18244,94977.61049,94983.18242,108.24
2026-06-12 03:07:00,94983.18242,94983.18245,94964.62708,94964.62712,101.93
2026-06-12 03:08:00,94964.62712,94964.62719,94963.87014,94963.87021,126.94
2026-06-12 03:09:00,94963.87021,94964.87866,94963.87012,94964.87857,117.51
2026-06-12 03:10:00,94964.87857,94964.8786,94962.22092,94962.22095,202.2
2026-06-12 03:11:00,94962.22095,94965.26524,94962.22088,94965.26518,98.18
2026-06-12 03:12:00,94965.26518,94965.26518,94956.53251,94956.53252,103.84
2026-06-12 03:13:00,94956.53252,94959.95818,94956.53239,94959.95804,201.84
2026-06-12 03:14:00,94959.95804,94965.84366,94959.958,94965.84361,301.53
2026-06-12 03:15:00,94965.84361,94971.08078,94965.84359,94971.08077,118.88
2026-06-12 03:16:00,94971.08077,94975.86088,94971.08073,94975.86084,177.48
2026-06-12 03:17:00,94975.86084,94975.86084,94971.4546,94971.4546,122.37
2026-06-12 03:18:00,94971.4546,94976.48095,94971.45458,94976.48094,194.84
2026-06-12 03:19:00,94976.48094,94980.16959,94976.48088,94980.16953,80.64
2026-06-12 03:20:00,94980.16953,94983.15774,94980.1695,94983.1577,223.23
2026-06-12 03:21:00,94983.1577,94983.15777,94971.15351,94971.15357,177.59
2026-06-12 03:22:00,94971.15357,94971.15359,94966.27347,94966.27349,105.98
2026-06-12 03:23:00,94966.27349,94966.27353,94952.17526,94952.17531,121.88
2026-06-12 03:24:00,94952.17531,94965.26931,94952.17526,94965.26926,207.51
2026-06-12 03:25:00,94965.26926,94977.35085,94965.26924,94977.35083,211.61
2026-06-12 03:26:00,94977.35083,94989.35611,94977.35082,94989.3561,121.68
2026-06-12 03:27:00,94989.3561,94994.86831,94989.35609,94994.8683,125.93
2026-06-12 03:28:00,94994.8683,94994.86837,94986.00517,94986.00524,118.02
2026-06-12 03:29:00,94986.00524,94990.62454,94986.00523,94990.62452,173.29
2026-06-12 03:30:00,94990.62452,94997.97919,94990.62444,94997.97911,184.83
2026-06-12 03:31:00,94997.97911,94997.97912,94994.78238,94994.7824,124.3
2026-06-12 03:32:00,94994.7824,94994.78246,94983.49345,94983.49351,111.08
2026-06-12 03:33:00,94983.49351,94992.26695,94983.49351,94992.26695,318.33
2026-06-12 03:34:00,94992.26695,94993.61528,94992.26687,94993.6152,175.54
2026-06-12 03:35:00,94993.6152,94993.6152,94988.70769,94988.70769,132.52
2026-06-12 03:36:00,94988.70769,94992.0481,94988.70758,94992.048,114.09
2026-06-12 03:37:00,94992.048,94992.04809,94982.15957,94982.15966,154.75
2026-06-12 03:38:00,94982.15966,94982.15973,94977.3038,94977.30387,143.59
2026-06-12 03:39:00,94977.30387,94977.30393,94971.20169,94971.20175,178.12
2026-06-12 03:40:00,94971.20175,94972.12485,94971.20166,94972.12475,273.62
2026-06-12 03:41:00,94972.12475,94979.0137,94972.12475,94979.01369,200.08
2026-06-12 03:42:00,94979.01369,94987.67698,94979.01355,94987.67684,206.6
2026-06-12 03:43:00,94987.67684,94987.6769,94982.42061,94982.42067,88.96
2026-06-12 03:44:00,94982.42067,94986.91791,94982.4206,94986.91784,108.31
2026-06-12 03:45:00,94986.91784,94993.38887,94986.91777,94993.38879,167.39
2026-06-12 03:46:00,94993.38879,94993.3888,94989.97199,94989.972,108.05
2026-06-12 03:47:00,94989.972,94991.23984,94989.97196,94991.2398,221.35
2026-06-12 03:48:00,94991.2398,94991.23986,94990.92294,94990.923,123.01
2026-06-12 03:49:00,94990.923,94990.92303,94990.89694,94990.89697,80.27
2026-06-12 03:50:00,94990.89697,94990.89711,94982.73286,94982.73301,80.64
2026-06-12 03:51:00,94982.73301,94995.71522,94982.73297,94995.71518,179.71
2026-06-12 03:52:00,94995.71518,94995.71531,94993.54065,94993.54078,88.84
2026-06-12 03:53:00,94993.54078,94997.45704,94993.54071,94997.45697,130.6
2026-06-12 03:54:00,94997.45697,94997.457,94981.82056,94981.82059,157.02
2026-06-12 03:55:00,94981.82059,94985.44901,94981.82048,94985.4489,87.83
2026-06-12 03:56:00,94985.4489,94987.47772,94985.44877,94987.4776,94.93
2026-06-12 03:57:00,94987.4776,94991.90682,94987.47759,94991.90681,181.79
2026-06-12 03:58:00,94991.90681,94991.90688,94976.66673,94976.6668,77.16
2026-06-12 03:59:00,94976.6668,94976.66682,94974.42754,94974.42756,185.27
2026-06-12 04:00:00,94974.42756,94979.50378,94974.4275,94979.50372,106.78
2026-06-12 04:01:00,94979.50372,94984.91655,94979.50368,94984.9165,160.49
2026-06-12 04:02:00,94984.9165,94986.17704,94984.9164,94986.17694,240.03
2026-06-12 04:03:00,94986.17694,94986.17698,94983.98305,94983.9831,123.95
2026-06-12 04:04:00,94983.9831,94990.85176,94983.98305,94990.85171,202.63
2026-06-12 04:05:00,94990.85171,94990.85172,94985.28428,94985.28429,142.76
2026-06-12 04:06:00,94985.28429,94985.2843,94972.21714,94972.21716,249.77
2026-06-12 04:07:00,94972.21716,94972.21719,94967.00368,94967.00371,101.79
2026-06-12 04:08:00,94967.00371,94969.34866,94967.00366,94969.34861,169.23
2026-06-12 04:09:00,94969.34861,94976.44889,94969.34857,94976.44884,229.89
2026-06-12 04:10:00,94976.44884,94976.44897,94975.53986,94975.53999,139.84
2026-06-12 04:11:00,94975.53999,94975.54001,94969.69553,94969.69555,175.75
2026-06-12 04:12:00,94969.69555,94991.79277,94969.69554,94991.79276,131.53
2026-06-12 04:13:00,94991.79276,94991.79282,94977.9375,94977.93756,89.23
2026-06-12 04:14:00,94977.93756,94983.12133,94977.93754,94983.12131,156.86
2026-06-12 04:15:00,94983.12131,94991.23721,94983.12129,94991.23719,169.79
2026-06-12 04:16:00,94991.23719,94991.23721,94980.51372,94980.51375,186.25
2026-06-12 04:17:00,94980.51375,94990.83093,94980.51372,94990.83091,178.31
2026-06-12 04:18:00,94990.83091,94997.57348,94990.83074,94997.57332,248.85
2026-06-12 04:19:00,94997.57332,95000.0754,94997.57329,95000.07538,109.2
2026-06-12 04:20:00,95000.07538,95007.98884,95000.07532,95007.98879,101.09
2026-06-12 04:21:00,95007.98879,95017.47751,95007.98872,95017.47744,79.53
2026-06-12 04:22:00,95017.47744,95021.05631,95017.47743,95021.05629,159.5
2026-06-12 04:23:00,95021.05629,95021.05642,95014.62171,95014.62184,113.6
2026-06-12 04:24:00,95014.62184,95024.0241,95014.62176,95024.02403,131.89
2026-06-12 04:25:00,95024.02403,95024.02411,95019.82198,95019.82207,122.74
2026-06-12 04:26:00,95019.82207,95044.83021,95019.82195,95044.8301,163.96
2026-06-12 04:27:00,95044.8301,95058.22336,95044.83007,95058.22334,155.3
2026-06-12 04:28:00,95058.22334,95058.22335,95051.54529,95051.54529,216.2
2026-06-12 04:29:00,95051.54529,95056.38918,95051.54525,95056.38914,142.37
2026-06-12 04:30:00,95056.38914,95062.39085,95056.38912,95062.39084,236.99
2026-06-12 04:31:00,95062.39084,95062.39086,95061.17471,95061.17473,305.88
2026-06-12 04:32:00,95061.17473,95064.22847,95061.17467,95064.22841,164.83
2026-06-12 04:33:00,95064.22841,95064.22854,95059.78172,95059.78185,212.29
2026-06-12 04:34:00,95059.78185,95059.7819,95038.40125,95038.4013,201.82
2026-06-12 04:35:00,95038.4013,95038.40134,95028.21872,95028.21877,117.9
2026-06-12 04:36:00,95028.21877,95028.21885,95023.53073,95023.53081,138.01
2026-06-12 04:37:00,95023.53081,95023.53083,95015.82171,95015.82173,107.23
2026-06-12 04:38:00,95015.82173,95018.33686,95015.82166,95018.33679,108.04
2026-06-12 04:39:00,95018.33679,95020.54977,95018.33677,95020.54975,152.24
2026-06-12 04:40:00,95020.54975,95021.13086,95020.54972,95021.13083,182.6
2026-06-12 04:41:00,95021.13083,95021.1309,95012.35584,95012.35591,159.84
2026-06-12 04:42:00,95012.35591,95015.1784,95012.35584,95015.17833,96.28
2026-06-12 04:43:00,95015.17833,95017.923,95015.17827,95017.92295,91.51
2026-06-12 04:44:00,95017.92295,95017.92297,95016.04251,95016.04253,524.83
2026-06-12 04:45:00,95016.04253,95016.0426,95008.37822,95008.37829,242.0
2026-06-12 04:46:00,95008.37829,95008.37838,95004.68204,95004.68213,130.93
2026-06-12 04:47:00,95004.68213,95004.68217,94999.23226,94999.2323,268.6
2026-06-12 04:48:00,94999.2323,95001.78348,94999.23222,95001.78341,132.96
2026-06-12 04:49:00,95001.78341,95001.78349,95000.25853,95000.25861,135.8
2026-06-12 04:50:00,95000.25861,95000.25875,94996.33051,94996.33065,175.18
2026-06-12 04:51:00,94996.33065,94999.25118,94996.33063,94999.25116,148.78
2026-06-12 04:52:00,94999.25116,94999.25118,94992.49299,94992.493,120.35
2026-06-12 04:53:00,94992.493,95004.98673,94992.49296,95004.98669,104.78
2026-06-12 04:54:00,95004.98669,95006.45332,95004.98661,95006.45324,109.11
2026-06-12 04:55:00,95006.45324,95009.0278,95006.45321,95009.02777,284.42
2026-06-12 04:56:00,95009.02777,95009.02788,95005.42116,95005.42127,126.38
2026-06-12 04:57:00,95005.42127,95005.42134,94998.33241,94998.33248,122.46
2026-06-12 04:58:00,94998.33248,94998.45414,94998.33247,94998.45412,89.59
2026-06-12 04:59:00,94998.45412,95007.60887,94998.45405,95007.6088,113.51
2026-06-12 05:00:00,95007.6088,95011.59145,95007.60878,95011.59143,100.26
2026-06-12 05:01:00,95011.59143,95011.59144,95002.50085,95002.50085,103.93
2026-06-12 05:02:00,95002.50085,95002.50086,94995.04959,94995.0496,102.78
2026-06-12 05:03:00,94995.0496,94999.71719,94995.04956,94999.71716,71.2
2026-06-12 05:04:00,94999.71716,94999.71718,94989.9863,94989.98632,134.55
2026-06-12 05:05:00,94989.98632,94990.52928,94989.98632,94990.52927,405.46
2026-06-12 05:06:00,94990.52927,94991.16284,94990.52917,94991.16274,170.07
2026-06-12 05:07:00,94991.16274,94991.16283,94987.16779,94987.16788,136.53
2026-06-12 05:08:00,94987.16788,94987.16791,94977.6118,94977.61183,97.47
2026-06-12 05:09:00,94977.61183,94986.76491,94977.61168,94986.76476,132.19
2026-06-12 05:10:00,94986.76476,94991.42754,94986.76472,94991.4275,161.05
2026-06-12 05:11:00,94991.4275,94991.42757,94982.86936,94982.86943,206.31
2026-06-12 05:12:00,94982.86943,94982.86953,94981.3901,94981.3902,165.54
2026-06-12 05:13:00,94981.3902,94987.52523,94981.3902,94987.52523,91.68
2026-06-12 05:14:00,94987.52523,94987.52524,94979.01621,94979.01622,106.71
2026-06-12 05:15:00,94979.01622,94979.01622,94975.99867,94975.99867,195.4
2026-06-12 05:16:00,94975.99867,94977.10024,94975.99858,94977.10014,220.43
2026-06-12 05:17:00,94977.10014,94983.05841,94977.10012,94983.05838,107.83
2026-06-12 05:18:00,94983.05838,94984.38351,94983.05836,94984.38349,217.92
2026-06-12 05:19:00,94984.38349,94984.38349,94977.39728,94977.39728,163.65
2026-06-12 05:20:00,94977.39728,94992.15467,94977.3972,94992.15459,290.19
2026-06-12 05:21:00,94992.15459,94994.17595,94992.15455,94994.17591,147.49
2026-06-12 05:22:00,94994.17591,94994.17604,94985.85591,94985.85603,187.3
2026-06-12 05:23:00,94985.85603,94997.84868,94985.85601,94997.84865,215.01
2026-06-12 05:24:00,94997.84865,95005.8845,94997.84854,95005.88439,178.81
2026-06-12 05:25:00,95005.88439,95006.69391,95005.88436,95006.69389,89.36
2026-06-12 05:26:00,95006.69389,95006.69398,94999.22535,94999.22545,115.53
2026-06-12 05:27:00,94999.22545,94999.22557,94995.98997,94995.99009,150.41
2026-06-12 05:28:00,94995.99009,94996.84651,94995.99004,94996.84646,92.55
2026-06-12 05:29:00,94996.84646,95001.70986,94996.84633,95001.70973,149.99
2026-06-12 05:30:00,95001.70973,95001.70979,94998.53339,94998.53345,165.88
2026-06-12 05:31:00,94998.53345,95010.92111,94998.53345,95010.92111,164.57
2026-06-12 05:32:00,95010.92111,95013.37537,95010.92093,95013.37519,77.78
2026-06-12 05:33:00,95013.37519,95021.08736,95013.37513,95021.0873,240.22
2026-06-12 05:34:00,95021.0873,95024.2593,95021.0872,95024.2592,75.94
2026-06-12 05:35:00,95024.2592,95024.25925,95018.61695,95018.617,103.11
2026-06-12 05:36:00,95018.617,95030.01933,95018.61689,95030.01921,114.92
2026-06-12 05:37:00,95030.01921,95030.01922,95028.62279,95028.62279,116.25
2026-06-12 05:38:00,95028.62279,95028.6228,95028.57499,95028.575,107.2
2026-06-12 05:39:00,95028.575,95028.73126,95028.57499,95028.73125,135.72
2026-06-12 05:40:00,95028.73125,95042.15717,95028.73119,95042.1571,145.19
2026-06-12 05:41:00,95042.1571,95042.15711,95033.28318,95033.28318,110.59
2026-06-12 05:42:00,95033.28318,95033.2832,95032.57549,95032.57551,144.68
2026-06-12 05:43:00,95032.57551,95032.57556,95030.40703,95030.40708,237.59
2026-06-12 05:44:00,95030.40708,95042.23724,95030.40697,95042.23713,123.05
2026-06-12 05:45:00,95042.23713,95042.23718,95034.93378,95034.93383,213.66
2026-06-12 05:46:00,95034.93383,95034.93388,95034.81716,95034.81721,151.39
2026-06-12 05:47:00,95034.81721,95034.81728,95031.16419,95031.16426,144.54
2026-06-12 05:48:00,95031.16426,95032.16078,95031.16421,95032.16073,111.0
2026-06-12 05:49:00,95032.16073,95037.14732,95032.16065,95037.14724,110.62
2026-06-12 05:50:00,95037.14724,95037.33136,95037.14722,95037.33133,165.44
2026-06-12 05:51:00,95037.33133,95052.44679,95037.33132,95052.44678,134.51
2026-06-12 05:52:00,95052.44678,95052.44678,95035.34721,95035.34721,149.24
2026-06-12 05:53:00,95035.34721,95035.34724,95035.2613,95035.26132,157.53
2026-06-12 05:54:00,95035.26132,95035.2614,95021.36378,95021.36385,183.18
2026-06-12 05:55:00,95021.36385,95021.36386,95018.27368,95018.27368,136.25
2026-06-12 05:56:00,95018.27368,95018.27375,95011.53008,95011.53014,129.54
2026-06-12 05:57:00,95011.53014,95011.53016,95009.86247,95009.86249,93.38
2026-06-12 05:58:00,95009.86249,95010.1959,95009.86246,95010.19586,166.24
2026-06-12 05:59:00,95010.19586,95018.51583,95010.19583,95018.51579,198.76
2026-06-12 06:00:00,95018.51579,95018.51586,95018.35417,95018.35424,178.19
2026-06-12 06:01:00,95018.35424,95018.35425,95009.33826,95009.33827,139.86
2026-06-12 06:02:00,95009.33827,95015.32463,95009.33822,95015.32458,152.15
2026-06-12 06:03:00,95015.32458,95015.32461,95013.51398,95013.51401,125.32
2026-06-12 06:04:00,95013.51401,95013.51411,95007.45087,95007.45097,166.72
2026-06-12 06:05:00,95007.45097,95007.451,95004.92231,95004.92234,189.26
2026-06-12 06:06:00,95004.92234,95004.92239,94998.5538,94998.55386,170.12
2026-06-12 06:07:00,94998.55386,94998.55389,94993.49778,94993.49781,126.28
2026-06-12 06:08:00,94993.49781,94997.02363,94993.49776,94997.02358,252.79
2026-06-12 06:09:00,94997.02358,94997.02366,94983.06715,94983.06722,253.48
2026-06-12 06:10:00,94983.06722,94992.25362,94983.06721,94992.2536,138.55
2026-06-12 06:11:00,94992.2536,94995.74048,94992.2536,94995.74047,135.53
2026-06-12 06:12:00,94995.74047,94995.7405,94991.18157,94991.1816,160.27
2026-06-12 06:13:00,94991.1816,94996.1162,94991.18159,94996.11619,109.65
2026-06-12 06:14:00,94996.11619,95003.15547,94996.11618,95003.15546,150.51
2026-06-12 06:15:00,95003.15546,95003.15549,94996.03306,94996.03309,222.07
2026-06-12 06:16:00,94996.03309,94996.03312,94990.72059,94990.72063,113.12
2026-06-12 06:17:00,94990.72063,94990.72068,94989.6952,94989.69525,115.89
2026-06-12 06:18:00,94989.69525,94989.69529,94988.7309,94988.73094,108.48
2026-06-12 06:19:00,94988.73094,94988.73103,94982.70636,94982.70646,166.13
2026-06-12 06:20:00,94982.70646,94982.7065,94976.57134,94976.57138,77.77
2026-06-12 06:21:00,94976.57138,94976.57145,94975.40393,94975.404,293.1
2026-06-12 06:22:00,94975.404,94988.74897,94975.4039,94988.74887,125.52
2026-06-12 06:23:00,94988.74887,94990.43507,94988.74887,94990.43506,115.87
2026-06-12 06:24:00,94990.43506,94996.5271,94990.435,94996.52703,116.62
2026-06-12 06:25:00,94996.52703,94996.52715,94993.75276,94993.75287,214.96
2026-06-12 06:26:00,94993.75287,94999.44941,94993.75276,94999.4493,125.38
2026-06-12 06:27:00,94999.4493,94999.44932,94997.50965,94997.50967,208.05
2026-06-12 06:28:00,94997.50967,94997.50974,94984.90197,94984.90205,238.73
2026-06-12 06:29:00,94984.90205,94984.90214,94974.70618,94974.70627,102.39
2026-06-12 06:30:00,94974.70627,94977.63446,94974.70623,94977.63442,128.66
2026-06-12 06:31:00,94977.63442,94977.70086,94977.63431,94977.70075,126.91
2026-06-12 06:32:00,94977.70075,94977.70077,94977.48865,94977.48868,175.5
2026-06-12 06:33:00,94977.48868,94978.06686,94977.48848,94978.06666,145.52
2026-06-12 06:34:00,94978.06666,94979.26684,94978.06662,94979.2668,89.47
2026-06-12 06:35:00,94979.2668,94979.26686,94970.55001,94970.55006,105.89
2026-06-12 06:36:00,94970.55006,94970.5501,94957.78182,94957.78186,108.58
2026-06-12 06:37:00,94957.78186,94957.7819,94945.46316,94945.4632,280.59
2026-06-12 06:38:00,94945.4632,94945.46331,94937.63239,94937.6325,100.63
2026-06-12 06:39:00,94937.6325,94949.78433,94937.63249,94949.78432,95.39
2026-06-12 06:40:00,94949.78432,94958.51748,94949.78419,94958.51736,174.42
2026-06-12 06:41:00,94958.51736,94958.51738,94957.04242,94957.04244,112.92
2026-06-12 06:42:00,94957.04244,94957.04253,94952.48902,94952.4891,240.48
2026-06-12 06:43:00,94952.4891,94959.53486,94952.48906,94959.53481,71.18
2026-06-12 06:44:00,94959.53481,94959.53484,94953.18039,94953.18042,141.02
2026-06-12 06:45:00,94953.18042,94960.06047,94953.1804,94960.06046,105.38
2026-06-12 06:46:00,94960.06046,94970.60084,94960.06035,94970.60073,221.19
2026-06-12 06:47:00,94970.60073,94975.83266,94970.60073,94975.83266,141.82
2026-06-12 06:48:00,94975.83266,94985.74355,94975.83259,94985.74349,121.62
2026-06-12 06:49:00,94985.74349,94987.65226,94985.74349,94987.65226,191.89
2026-06-12 06:50:00,94987.65226,94988.04832,94987.65225,94988.0483,83.62
2026-06-12 06:51:00,94988.0483,94993.87274,94988.04829,94993.87273,162.15
2026-06-12 06:52:00,94993.87273,95002.48034,94993.87267,95002.48029,100.55
2026-06-12 06:53:00,95002.48029,95002.48033,94996.36866,94996.3687,154.57
2026-06-12 06:54:00,94996.3687,95001.03335,94996.36862,95001.03327,162.23
2026-06-12 06:55:00,95001.03327,95002.97675,95001.03315,95002.97663,129.8
2026-06-12 06:56:00,95002.97663,95009.42349,95002.97661,95009.42347,214.27
2026-06-12 06:57:00,95009.42347,95017.50655,95009.42344,95017.50652,383.1
2026-06-12 06:58:00,95017.50652,95018.93511,95017.50648,95018.93507,138.51
2026-06-12 06:59:00,95018.93507,95018.93508,95009.19995,95009.19996,58.47
2026-06-12 07:00:00,95009.19996,95010.44237,95009.19993,95010.44234,226.2
2026-06-12 07:01:00,95010.44234,95012.89254,95010.44232,95012.89252,237.21
2026-06-12 07:02:00,95012.89252,95012.89255,95007.21319,95007.21322,164.73
2026-06-12 07:03:00,95007.21322,95007.82204,95007.21314,95007.82196,87.93
2026-06-12 07:04:00,95007.82196,95021.47622,95007.82188,95021.47614,114.93
2026-06-12 07:05:00,95021.47614,95021.47615,95011.42329,95011.42329,242.31
2026-06-12 07:06:00,95011.42329,95012.24145,95011.42318,95012.24134,208.05
2026-06-12 07:07:00,95012.24134,95026.37113,95012.24126,95026.37106,345.54
2026-06-12 07:08:00,95026.37106,95027.0177,95026.37097,95027.01761,97.25
2026-06-12 07:09:00,95027.01761,95034.24108,95027.01754,95034.24101,163.15
2026-06-12 07:10:00,95034.24101,95045.75655,95034.24092,95045.75647,137.3
2026-06-12 07:11:00,95045.75647,95048.43586,95045.75632,95048.43571,107.11
2026-06-12 07:12:00,95048.43571,95050.92079,95048.43564,95050.92072,98.41
2026-06-12 07:13:00,95050.92072,95064.26032,95050.92061,95064.26022,141.26
2026-06-12 07:14:00,95064.26022,95064.29923,95064.26018,95064.29919,73.02
2026-06-12 07:15:00,95064.29919,95067.63953,95064.29913,95067.63947,91.3
2026-06-12 07:16:00,95067.63947,95067.63955,95063.95003,95063.95011,122.16
2026-06-12 07:17:00,95063.95011,95076.42083,95063.95005,95076.42077,200.94
2026-06-12 07:18:00,95076.42077,95076.42077,95067.21153,95067.21153,183.54
2026-06-12 07:19:00,95067.21153,95067.21159,95062.18057,95062.18063,176.54
2026-06-12 07:20:00,95062.18063,95062.18065,95052.72642,95052.72644,114.5
2026-06-12 07:21:00,95052.72644,95052.72645,95046.49174,95046.49175,244.05
2026-06-12 07:22:00,95046.49175,95046.49183,95040.81707,95040.81714,182.69
2026-06-12 07:23:00,95040.81714,95045.43594,95040.81699,95045.43578,110.52
2026-06-12 07:24:00,95045.43578,95045.43582,95036.78047,95036.78051,137.31
2026-06-12 07:25:00,95036.78051,95036.78053,95035.68746,95035.68749,126.05
2026-06-12 07:26:00,95035.68749,95036.2312,95035.68744,95036.23116,128.66
2026-06-12 07:27:00,95036.23116,95036.2312,95033.22748,95033.22753,115.77
2026-06-12 07:28:00,95033.22753,95033.22754,95028.22681,95028.22682,145.15
2026-06-12 07:29:00,95028.22682,95028.22685,95023.06504,95023.06507,156.24
2026-06-12 07:30:00,95023.06507,95026.23317,95023.06501,95026.23311,249.06
2026-06-12 07:31:00,95026.23311,95026.23318,95017.78933,95017.7894,314.85
2026-06-12 07:32:00,95017.7894,95017.78955,95013.64963,95013.64978,151.62
2026-06-12 07:33:00,95013.64978,95016.47487,95013.64972,95016.47482,103.0
2026-06-12 07:34:00,95016.47482,95016.47484,95014.42353,95014.42356,255.94
2026-06-12 07:35:00,95014.42356,95014.42365,95005.54573,95005.54582,142.24
2026-06-12 07:36:00,95005.54582,95014.57318,95005.54582,95014.57318,123.5
2026-06-12 07:37:00,95014.57318,95014.57322,95014.27111,95014.27115,129.4
2026-06-12 07:38:00,95014.27115,95014.27123,95008.67563,95008.6757,164.81
2026-06-12 07:39:00,95008.6757,95008.67574,95002.81418,95002.81422,159.79
2026-06-12 07:40:00,95002.81422,95004.77471,95002.81418,95004.77467,71.08
2026-06-12 07:41:00,95004.77467,95004.77471,94993.51424,94993.51428,195.94
2026-06-12 07:42:00,94993.51428,95004.56468,94993.51425,95004.56465,258.26
2026-06-12 07:43:00,95004.56465,95013.50427,95004.56451,95013.50413,148.9
2026-06-12 07:44:00,95013.50413,95015.15086,95013.50413,95015.15086,76.71
2026-06-12 07:45:00,95015.15086,95015.15097,95013.98362,95013.98373,218.55
2026-06-12 07:46:00,95013.98373,95034.12586,95013.98373,95034.12586,163.42
2026-06-12 07:47:00,95034.12586,95034.12598,95017.47869,95017.47881,155.66
2026-06-12 07:48:00,95017.47881,95018.44419,95017.4788,95018.44417,167.2
2026-06-12 07:49:00,95018.44417,95018.44426,95017.90351,95017.9036,161.36
2026-06-12 07:50:00,95017.9036,95019.58223,95017.90357,95019.58221,168.12
2026-06-12 07:51:00,95019.58221,95019.58223,95019.57824,95019.57826,170.06
2026-06-12 07:52:00,95019.57826,95030.48698,95019.57822,95030.48694,204.67
2026-06-12 07:53:00,95030.48694,95037.88929,95030.4869,95037.88925,128.58
2026-06-12 07:54:00,95037.88925,95037.88933,95030.10076,95030.10084,73.9
2026-06-12 07:55:00,95030.10084,95030.10086,95015.01468,95015.01471,242.58
2026-06-12 07:56:00,95015.01471,95015.01474,95013.41612,95013.41616,170.75
2026-06-12 07:57:00,95013.41616,95016.29499,95013.41607,95016.2949,139.46
2026-06-12 07:58:00,95016.2949,95016.79464,95016.29489,95016.79463,159.84
2026-06-12 07:59:00,95016.79463,95022.61301,95016.79456,95022.61294,164.3
2026-06-12 08:00:00,95022.61294,95022.61297,95021.30308,95021.30311,162.21
2026-06-12 08:01:00,95021.30311,95021.30313,95011.63546,95011.63549,186.9
2026-06-12 08:02:00,95011.63549,95013.28276,95011.63545,95013.28272,139.61
2026-06-12 08:03:00,95013.28272,95013.69657,95013.28265,95013.69649,178.74
2026-06-12 08:04:00,95013.69649,95013.6965,95009.91023,95009.91023,84.59
2026-06-12 08:05:00,95009.91023,95009.91027,95007.30634,95007.30637,137.86
2026-06-12 08:06:00,95007.30637,95010.73983,95007.30636,95010.73982,65.81
2026-06-12 08:07:00,95010.73982,95010.73984,95010.32398,95010.324,120.88
2026-06-12 08:08:00,95010.324,95010.32401,95006.62059,95006.6206,208.13
2026-06-12 08:09:00,95006.6206,95006.62071,95005.00196,95005.00207,253.54
2026-06-12 08:10:00,95005.00207,95028.04125,95005.00204,95028.04122,129.9
2026-06-12 08:11:00,95028.04122,95028.04124,95011.6872,95011.68723,194.06
2026-06-12 08:12:00,95011.68723,95011.68727,95011.02639,95011.02643,125.37
2026-06-12 08:13:00,95011.02643,95011.02655,95008.77466,95008.77478,73.8
2026-06-12 08:14:00,95008.77478,95012.47003,95008.77476,95012.47,244.7
2026-06-12 08:15:00,95012.47,95018.55279,95012.46991,95018.55271,162.32
2026-06-12 08:16:00,95018.55271,95018.55278,95008.8851,95008.88517,119.93
2026-06-12 08:17:00,95008.88517,95023.28411,95008.88505,95023.28399,105.78
2026-06-12 08:18:00,95023.28399,95023.28405,95021.7565,95021.75657,277.82
2026-06-12 08:19:00,95021.75657,95021.75658,95016.19104,95016.19106,270.95
2026-06-12 08:20:00,95016.19106,95016.19111,95014.42986,95014.42991,265.81
2026-06-12 08:21:00,95014.42991,95014.42992,95011.27969,95011.27969,167.95
2026-06-12 08:22:00,95011.27969,95011.2797,95007.39877,95007.39878,186.26
2026-06-12 08:23:00,95007.39878,95007.39882,94996.8375,94996.83754,96.6
2026-06-12 08:24:00,94996.83754,94996.83761,94994.66334,94994.66341,122.78
2026-06-12 08:25:00,94994.66341,94996.83883,94994.66336,94996.83879,148.97
2026-06-12 08:26:00,94996.83879,94997.97631,94996.83876,94997.97628,288.58
2026-06-12 08:27:00,94997.97628,95005.10671,94997.97627,95005.1067,232.86
2026-06-12 08:28:00,95005.1067,95005.10673,94992.76101,94992.76103,177.76
2026-06-12 08:29:00,94992.76103,95002.50817,94992.76091,95002.50806,73.88
2026-06-12 08:30:00,95002.50806,95003.4841,95002.50801,95003.48406,70.13
2026-06-12 08:31:00,95003.48406,95003.48409,94990.73941,94990.73945,219.98
2026-06-12 08:32:00,94990.73945,94999.21635,94990.73942,94999.21633,159.03
2026-06-12 08:33:00,94999.21633,94999.21638,94987.12264,94987.12269,135.08
2026-06-12 08:34:00,94987.12269,94987.12281,94971.36835,94971.36847,85.6
2026-06-12 08:35:00,94971.36847,94978.91691,94971.36834,94978.91677,199.04
2026-06-12 08:36:00,94978.91677,94978.91681,94975.27944,94975.27947,105.74
2026-06-12 08:37:00,94975.27947,94977.80667,94975.27934,94977.80654,131.63
2026-06-12 08:38:00,94977.80654,94987.71766,94977.80653,94987.71766,183.66
2026-06-12 08:39:00,94987.71766,94989.37964,94987.71751,94989.37949,140.07
2026-06-12 08:40:00,94989.37949,94989.37953,94985.58012,94985.58016,108.33
2026-06-12 08:41:00,94985.58016,94985.58016,94979.44464,94979.44465,115.34
2026-06-12 08:42:00,94979.44465,94982.86732,94979.44463,94982.8673,202.58
2026-06-12 08:43:00,94982.8673,94982.8674,94963.38167,94963.38178,103.82
2026-06-12 08:44:00,94963.38178,94963.38184,94954.77204,94954.7721,133.68
2026-06-12 08:45:00,94954.7721,94962.06537,94954.772,94962.06526,132.16
2026-06-12 08:46:00,94962.06526,94972.62453,94962.06523,94972.6245,71.83
2026-06-12 08:47:00,94972.6245,94981.39295,94972.62448,94981.39294,98.66
2026-06-12 08:48:00,94981.39294,94988.50729,94981.39277,94988.50712,82.46
2026-06-12 08:49:00,94988.50712,94994.42161,94988.5071,94994.42159,179.33
2026-06-12 08:50:00,94994.42159,94994.42164,94982.98918,94982.98922,224.97
2026-06-12 08:51:00,94982.98922,94982.98934,94982.66929,94982.66941,172.51
2026-06-12 08:52:00,94982.66941,94989.60307,94982.66938,94989.60304,128.86
2026-06-12 08:53:00,94989.60304,94999.72281,94989.60294,94999.72271,144.3
2026-06-12 08:54:00,94999.72271,94999.72277,94995.08497,94995.08503,93.29
2026-06-12 08:55:00,94995.08503,94995.08504,94987.87462,94987.87463,275.62
2026-06-12 08:56:00,94987.87463,94987.87465,94980.66894,94980.66896,130.61
2026-06-12 08:57:00,94980.66896,94980.66906,94977.90849,94977.90859,133.92
2026-06-12 08:58:00,94977.90859,94977.90862,94975.21669,94975.21672,308.9
2026-06-12 08:59:00,94975.21672,94980.79096,94975.21671,94980.79095,157.33
2026-06-12 09:00:00,94980.79095,94980.79099,94965.50218,94965.50222,83.26
2026-06-12 09:01:00,94965.50222,94965.50232,94964.90373,94964.90382,91.5
2026-06-12 09:02:00,94964.90382,94964.90386,94964.0093,94964.00934,117.02
2026-06-12 09:03:00,94964.00934,94977.52123,94964.00925,94977.52114,94.03
2026-06-12 09:04:00,94977.52114,94982.28065,94977.52113,94982.28064,92.61
2026-06-12 09:05:00,94982.28064,94982.28076,94979.67309,94979.67322,120.37
2026-06-12 09:06:00,94979.67322,94988.91776,94979.67322,94988.91776,71.85
2026-06-12 09:07:00,94988.91776,94988.91789,94986.20184,94986.20197,135.27
2026-06-12 09:08:00,94986.20197,94988.57822,94986.20192,94988.57816,272.65
2026-06-12 09:09:00,94988.57816,94994.44931,94988.57811,94994.44926,91.45
2026-06-12 09:10:00,94994.44926,94994.44928,94993.04969,94993.04971,126.9
2026-06-12 09:11:00,94993.04971,95001.02481,94993.04958,95001.02468,171.25
2026-06-12 09:12:00,95001.02468,95002.55234,95001.0246,95002.55226,88.31
2026-06-12 09:13:00,95002.55226,95008.11883,95002.55224,95008.11881,114.72
2026-06-12 09:14:00,95008.11881,95008.11884,94999.79357,94999.79361,113.47
2026-06-12 09:15:00,94999.79361,94999.79363,94981.83253,94981.83255,160.64
2026-06-12 09:16:00,94981.83255,94990.91562,94981.83246,94990.91553,124.63
2026-06-12 09:17:00,94990.91553,94995.80139,94990.91552,94995.80137,105.42
2026-06-12 09:18:00,94995.80137,94995.80139,94980.91633,94980.91634,101.9
2026-06-12 09:19:00,94980.91634,94983.16988,94980.9163,94983.16984,92.54
2026-06-12 09:20:00,94983.16984,94991.80125,94983.16983,94991.80124,276.14
2026-06-12 09:21:00,94991.80124,94991.80128,94988.13795,94988.13799,302.74
2026-06-12 09:22:00,94988.13799,94988.13801,94978.08799,94978.08802,154.5
2026-06-12 09:23:00,94978.08802,94978.08804,94974.72333,94974.72336,231.37
2026-06-12 09:24:00,94974.72336,94974.72345,94971.34953,94971.34963,145.69
2026-06-12 09:25:00,94971.34963,94976.75542,94971.34962,94976.75541,115.99
2026-06-12 09:26:00,94976.75541,94976.75548,94967.40421,94967.40427,79.71
2026-06-12 09:27:00,94967.40427,94970.04027,94967.40424,94970.04024,89.75
2026-06-12 09:28:00,94970.04024,94975.42303,94970.04017,94975.42296,78.46
2026-06-12 09:29:00,94975.42296,94981.31889,94975.42287,94981.3188,270.57
2026-06-12 09:30:00,94981.3188,94981.72944,94981.31878,94981.72942,167.99
2026-06-12 09:31:00,94981.72942,94981.72943,94981.63569,94981.63569,214.11
2026-06-12 09:32:00,94981.63569,94988.20977,94981.63566,94988.20974,182.68
2026-06-12 09:33:00,94988.20974,94988.20984,94987.87973,94987.87983,150.06
2026-06-12 09:34:00,94987.87983,95000.96719,94987.87974,95000.96709,145.21
2026-06-12 09:35:00,95000.96709,95003.16729,95000.96705,95003.16725,151.37
2026-06-12 09:36:00,95003.16725,95004.39716,95003.16722,95004.39714,247.41
2026-06-12 09:37:00,95004.39714,95004.39718,94994.24629,94994.24634,143.42
2026-06-12 09:38:00,94994.24634,94994.24639,94993.31319,94993.31325,165.65
2026-06-12 09:39:00,94993.31325,94993.31333,94985.87857,94985.87866,262.02
2026-06-12 09:40:00,94985.87866,94997.75739,94985.87863,94997.75737,113.33
2026-06-12 09:41:00,94997.75737,95003.10393,94997.75734,95003.10389,174.58
2026-06-12 09:42:00,95003.10389,95003.10397,94995.28436,94995.28443,106.81
2026-06-12 09:43:00,94995.28443,95002.03096,94995.28438,95002.03091,116.52
2026-06-12 09:44:00,95002.03091,95002.03097,94990.66261,94990.66267,195.41
2026-06-12 09:45:00,94990.66267,94990.66268,94988.30824,94988.30825,83.01
2026-06-12 09:46:00,94988.30825,94988.30833,94983.00784,94983.00792,180.19
2026-06-12 09:47:00,94983.00792,94990.28941,94983.00782,94990.28931,140.61
2026-06-12 09:48:00,94990.28931,94995.70987,94990.28923,94995.70979,179.86
2026-06-12 09:49:00,94995.70979,95002.27607,94995.70976,95002.27604,237.28
2026-06-12 09:50:00,95002.27604,95008.81661,95002.276,95008.81657,85.75
2026-06-12 09:51:00,95008.81657,95008.81658,95004.40816,95004.40816,190.38
2026-06-12 09:52:00,95004.40816,95004.40826,95000.449,95000.4491,118.09
2026-06-12 09:53:00,95000.4491,95004.31354,95000.44906,95004.31351,98.41
2026-06-12 09:54:00,95004.31351,95009.03627,95004.31342,95009.03619,99.63
2026-06-12 09:55:00,95009.03619,95009.03622,95005.19778,95005.19782,95.92
2026-06-12 09:56:00,95005.19782,95005.19786,94996.80658,94996.80663,118.82
2026-06-12 09:57:00,94996.80663,94999.63333,94996.80654,94999.63324,155.83
2026-06-12 09:58:00,94999.63324,95004.05713,94999.63322,95004.05711,170.81
2026-06-12 09:59:00,95004.05711,95004.05714,94996.72668,94996.72672,135.17
2026-06-12 10:00:00,94996.72672,94996.72675,94986.28315,94986.28319,161.56
2026-06-12 10:01:00,94986.28319,94988.72147,94986.28319,94988.72147,73.8
2026-06-12 10:02:00,94988.72147,94996.54367,94988.72141,94996.54361,116.84
2026-06-12 10:03:00,94996.54361,95001.18884,94996.54358,95001.18881,108.56
2026-06-12 10:04:00,95001.18881,95001.18891,94994.38268,94994.38278,279.15
2026-06-12 10:05:00,94994.38278,94994.38284,94989.87945,94989.87951,135.31
2026-06-12 10:06:00,94989.87951,94993.77647,94989.8795,94993.77647,119.82
2026-06-12 10:07:00,94993.77647,94999.97788,94993.77645,94999.97786,214.9
2026-06-12 10:08:00,94999.97786,94999.97786,94998.02165,94998.02166,111.19
2026-06-12 10:09:00,94998.02166,94998.02167,94990.26171,94990.26173,179.36
2026-06-12 10:10:00,94990.26173,95000.51429,94990.2617,95000.51427,156.96
2026-06-12 10:11:00,95000.51427,95000.51432,94997.47518,94997.47523,180.42
2026-06-12 10:12:00,94997.47523,94999.92996,94997.4752,94999.92993,89.08
2026-06-12 10:13:00,94999.92993,95012.99121,94999.92979,95012.99108,102.34
2026-06-12 10:14:00,95012.99108,95012.9911,95004.26674,95004.26676,109.35
2026-06-12 10:15:00,95004.26676,95011.92831,95004.26662,95011.92817,160.62
2026-06-12 10:16:00,95011.92817,95011.92828,95008.85661,95008.85671,143.96
2026-06-12 10:17:00,95008.85671,95011.87088,95008.8567,95011.87087,178.19
2026-06-12 10:18:00,95011.87087,95011.87089,95004.31298,95004.313,133.96
2026-06-12 10:19:00,95004.313,95004.31303,95000.49287,95000.49291,118.51
2026-06-12 10:20:00,95000.49291,95001.83167,95000.49289,95001.83165,292.11
2026-06-12 10:21:00,95001.83165,95012.09539,95001.83164,95012.09538,304.29
2026-06-12 10:22:00,95012.09538,95012.09543,95008.69857,95008.69861,130.39
2026-06-12 10:23:00,95008.69861,95008.69864,95006.21915,95006.21918,143.48
2026-06-12 10:24:00,95006.21918,95006.21921,94998.00488,94998.00491,173.1
2026-06-12 10:25:00,94998.00491,95003.06407,94998.00484,95003.06399,162.56
2026-06-12 10:26:00,95003.06399,95007.79354,95003.06392,95007.79347,132.44
2026-06-12 10:27:00,95007.79347,95013.09827,95007.79342,95013.09823,95.68
2026-06-12 10:28:00,95013.09823,95013.09835,95007.76352,95007.76364,84.95
2026-06-12 10:29:00,95007.76364,95007.76373,95007.69219,95007.69228,94.46
2026-06-12 10:30:00,95007.69228,95007.69235,95001.13852,95001.13859,293.69
2026-06-12 10:31:00,95001.13859,95001.1387,94999.71264,94999.71274,142.85
2026-06-12 10:32:00,94999.71274,95006.39935,94999.71271,95006.39932,111.25
2026-06-12 10:33:00,95006.39932,95010.35633,95006.39917,95010.35618,121.15
2026-06-12 10:34:00,95010.35618,95015.83159,95010.35611,95015.83152,167.69
2026-06-12 10:35:00,95015.83152,95031.6485,95015.8314,95031.64839,115.36
2026-06-12 10:36:00,95031.64839,95031.64845,95031.0703,95031.07036,196.22
2026-06-12 10:37:00,95031.07036,95032.48406,95031.07025,95032.48394,65.61
2026-06-12 10:38:00,95032.48394,95032.48395,95027.93891,95027.93892,120.61
2026-06-12 10:39:00,95027.93892,95027.93895,95023.17881,95023.17884,208.28
2026-06-12 10:40:00,95023.17884,95023.1789,95017.89201,95017.89207,142.06
2026-06-12 10:41:00,95017.89207,95017.89209,95010.27518,95010.2752,232.05
2026-06-12 10:42:00,95010.2752,95027.78993,95010.27515,95027.78988,104.58
2026-06-12 10:43:00,95027.78988,95027.78992,95025.51871,95025.51875,223.27
2026-06-12 10:44:00,95025.51875,95025.51877,95024.97715,95024.97716,171.27
2026-06-12 10:45:00,95024.97716,95038.55006,95024.97702,95038.54992,258.58
2026-06-12 10:46:00,95038.54992,95038.54999,95035.3769,95035.37697,178.36
2026-06-12 10:47:00,95035.37697,95035.52213,95035.37693,95035.52209,127.95
2026-06-12 10:48:00,95035.52209,95040.00996,95035.52208,95040.00995,173.71
2026-06-12 10:49:00,95040.00995,95040.01001,95037.76659,95037.76665,183.71
2026-06-12 10:50:00,95037.76665,95042.17748,95037.76665,95042.17748,152.58
2026-06-12 10:51:00,95042.17748,95042.17755,95041.57278,95041.57285,185.03
2026-06-12 10:52:00,95041.57285,95048.38341,95041.57281,95048.38337,153.98
2026-06-12 10:53:00,95048.38337,95049.47193,95048.38334,95049.4719,214.76
2026-06-12 10:54:00,95049.4719,95051.76989,95049.47189,95051.76989,168.16
2026-06-12 10:55:00,95051.76989,95051.76997,95044.31645,95044.31653,78.33
2026-06-12 10:56:00,95044.31653,95049.31674,95044.31646,95049.31667,97.24
2026-06-12 10:57:00,95049.31667,95049.31668,95046.74908,95046.74909,191.9
2026-06-12 10:58:00,95046.74909,95046.74916,95035.56097,95035.56104,308.05
2026-06-12 10:59:00,95035.56104,95040.35602,95035.56101,95040.35599,135.64
2026-06-12 11:00:00,95040.35599,95049.57546,95040.35595,95049.57542,100.8
2026-06-12 11:01:00,95049.57542,95051.23826,95049.57529,95051.23813,94.56
2026-06-12 11:02:00,95051.23813,95052.29,95051.2381,95052.28997,149.26
2026-06-12 11:03:00,95052.28997,95052.28998,95051.10325,95051.10326,267.11
2026-06-12 11:04:00,95051.10326,95052.14119,95051.10324,95052.14117,114.57
2026-06-12 11:05:00,95052.14117,95052.14117,95049.75943,95049.75943,148.78
2026-06-12 11:06:00,95049.75943,95049.75951,95046.98675,95046.98682,191.74
2026-06-12 11:07:00,95046.98682,95046.98683,95042.27495,95042.27496,119.49
2026-06-12 11:08:00,95042.27496,95042.27499,95026.2986,95026.29863,96.85
2026-06-12 11:09:00,95026.29863,95026.29866,95025.36572,95025.36575,132.19
2026-06-12 11:10:00,95025.36575,95025.3658,95019.12169,95019.12173,175.56
2026-06-12 11:11:00,95019.12173,95020.93758,95019.12171,95020.93756,103.69
2026-06-12 11:12:00,95020.93756,95020.93765,95019.84244,95019.84252,263.02
2026-06-12 11:13:00,95019.84252,95019.84265,95018.4018,95018.40193,240.82
2026-06-12 11:14:00,95018.40193,95023.07422,95018.40187,95023.07416,131.92
2026-06-12 11:15:00,95023.07416,95030.08758,95023.07415,95030.08758,212.77
2026-06-12 11:16:00,95030.08758,95030.08762,95020.48793,95020.48797,213.9
2026-06-12 11:17:00,95020.48797,95020.48806,95013.678,95013.67809,104.76
2026-06-12 11:18:00,95013.67809,95015.33876,95013.67809,95015.33876,135.8
2026-06-12 11:19:00,95015.33876,95015.97182,95015.33872,95015.97179,98.9
2026-06-12 11:20:00,95015.97179,95015.97181,95013.24658,95013.24661,158.85
2026-06-12 11:21:00,95013.24661,95022.0656,95013.24651,95022.0655,104.1
2026-06-12 11:22:00,95022.0655,95022.06559,95006.95493,95006.95503,195.39
2026-06-12 11:23:00,95006.95503,95007.22795,95006.95501,95007.22793,105.41
2026-06-12 11:24:00,95007.22793,95007.22794,95003.00407,95003.00408,104.36
2026-06-12 11:25:00,95003.00408,95006.57321,95003.00401,95006.57315,239.83
2026-06-12 11:26:00,95006.57315,95010.6029,95006.57309,95010.60285,173.8
2026-06-12 11:27:00,95010.60285,95010.6029,95000.46227,95000.46232,137.15
2026-06-12 11:28:00,95000.46232,95000.46237,94994.2046,94994.20465,218.98
2026-06-12 11:29:00,94994.20465,94994.20482,94981.27675,94981.27692,116.46
2026-06-12 11:30:00,94981.27692,94992.95556,94981.27684,94992.95548,166.75
2026-06-12 11:31:00,94992.95548,95002.23497,94992.95545,95002.23494,134.25
2026-06-12 11:32:00,95002.23494,95009.22245,95002.23493,95009.22243,201.46
2026-06-12 11:33:00,95009.22243,95009.22252,95004.97089,95004.97098,142.57
2026-06-12 11:34:00,95004.97098,95004.97106,95000.13445,95000.13453,134.9
2026-06-12 11:35:00,95000.13453,95001.86322,95000.13446,95001.86315,245.97
2026-06-12 11:36:00,95001.86315,95001.86326,94990.45429,94990.45441,99.3
2026-06-12 11:37:00,94990.45441,94990.45444,94983.31337,94983.3134,133.0
2026-06-12 11:38:00,94983.3134,94983.3135,94968.38339,94968.38349,185.86
2026-06-12 11:39:00,94968.38349,94968.38349,94963.98441,94963.98441,163.05
2026-06-12 11:40:00,94963.98441,94963.98442,94954.37953,94954.37954,139.1
2026-06-12 11:41:00,94954.37954,94957.25086,94954.37954,94957.25086,157.6
2026-06-12 11:42:00,94957.25086,94962.19451,94957.25078,94962.19444,92.45
2026-06-12 11:43:00,94962.19444,94964.80427,94962.19441,94964.80424,251.49
2026-06-12 11:44:00,94964.80424,94964.80425,94960.11304,94960.11305,143.43
2026-06-12 11:45:00,94960.11305,94960.11313,94946.27378,94946.27386,110.07
2026-06-12 11:46:00,94946.27386,94946.27386,94940.54329,94940.54329,278.24
2026-06-12 11:47:00,94940.54329,94950.17613,94940.54329,94950.17613,233.26
2026-06-12 11:48:00,94950.17613,94950.17616,94945.85192,94945.85194,178.68
2026-06-12 11:49:00,94945.85194,94945.85199,94937.60221,94937.60225,210.81
2026-06-12 11:50:00,94937.60225,94937.60236,94932.34887,94932.34898,218.56
2026-06-12 11:51:00,94932.34898,94937.70429,94932.34891,94937.70422,229.09
2026-06-12 11:52:00,94937.70422,94937.70435,94937.24204,94937.24217,180.07
2026-06-12 11:53:00,94937.24217,94937.24218,94932.73758,94932.73758,93.31
2026-06-12 11:54:00,94932.73758,94932.73767,94925.4989,94925.49899,226.73
2026-06-12 11:55:00,94925.49899,94925.499,94924.2804,94924.28041,120.1
2026-06-12 11:56:00,94924.28041,94924.28048,94918.0494,94918.04947,145.85
2026-06-12 11:57:00,94918.04947,94923.58053,94918.04945,94923.58051,186.91
2026-06-12 11:58:00,94923.58051,94940.61472,94923.58043,94940.61464,135.22
2026-06-12 11:59:00,94940.61464,94940.61465,94928.37265,94928.37266,321.44
2026-06-12 12:00:00,94928.37266,94935.81716,94928.37264,94935.81714,164.04
2026-06-12 12:01:00,94935.81714,94955.14741,94935.81711,94955.14738,205.04
2026-06-12 12:02:00,94955.14738,94964.14749,94955.14726,94964.14737,89.86
2026-06-12 12:03:00,94964.14737,94964.14741,94958.2951,94958.29514,91.56
2026-06-12 12:04:00,94958.29514,94961.01901,94958.29514,94961.01901,102.3
2026-06-12 12:05:00,94961.01901,94965.52753,94961.01895,94965.52747,309.58
2026-06-12 12:06:00,94965.52747,94965.52749,94960.53554,94960.53557,168.84
2026-06-12 12:07:00,94960.53557,94960.53562,94960.03397,94960.03403,121.52
2026-06-12 12:08:00,94960.03403,94962.22817,94960.03395,94962.2281,348.9
2026-06-12 12:09:00,94962.2281,94962.22813,94958.76436,94958.7644,162.72
2026-06-12 12:10:00,94958.7644,94958.76457,94952.92853,94952.9287,263.09
2026-06-12 12:11:00,94952.9287,94952.92871,94949.9849,94949.98491,79.66
2026-06-12 12:12:00,94949.98491,94961.15614,94949.98481,94961.15604,122.21
2026-06-12 12:13:00,94961.15604,94961.15605,94956.90101,94956.90102,109.61
2026-06-12 12:14:00,94956.90102,94956.90106,94950.83501,94950.83505,189.22
2026-06-12 12:15:00,94950.83505,94960.25301,94950.83501,94960.25298,123.04
2026-06-12 12:16:00,94960.25298,94960.253,94955.61865,94955.61868,112.86
2026-06-12 12:17:00,94955.61868,94963.33963,94955.61865,94963.3396,175.78
2026-06-12 12:18:00,94963.3396,94966.70572,94963.33957,94966.70569,146.06
2026-06-12 12:19:00,94966.70569,94971.58985,94966.70562,94971.58978,137.92
2026-06-12 12:20:00,94971.58978,94971.58979,94965.79155,94965.79155,258.22
2026-06-12 12:21:00,94965.79155,94980.43785,94965.79145,94980.43774,268.44
2026-06-12 12:22:00,94980.43774,94982.03814,94980.43774,94982.03814,133.64
2026-06-12 12:23:00,94982.03814,94990.5805,94982.03811,94990.58047,139.12
2026-06-12 12:24:00,94990.58047,94998.04309,94990.58036,94998.04298,142.45
2026-06-12 12:25:00,94998.04298,94998.04306,94981.68838,94981.68845,241.13
2026-06-12 12:26:00,94981.68845,94983.39141,94981.68841,94983.39137,216.39
2026-06-12 12:27:00,94983.39137,94986.83539,94983.3913,94986.83532,131.81
2026-06-12 12:28:00,94986.83532,94987.99523,94986.83526,94987.99517,234.03
2026-06-12 12:29:00,94987.99517,94987.9952,94974.73849,94974.73852,103.4
2026-06-12 12:30:00,94974.73852,94977.26435,94974.73849,94977.26432,248.47
2026-06-12 12:31:00,94977.26432,94977.26432,94974.59975,94974.59975,98.23
2026-06-12 12:32:00,94974.59975,94979.32447,94974.59968,94979.32439,122.58
2026-06-12 12:33:00,94979.32439,94987.63997,94979.32427,94987.63985,213.94
2026-06-12 12:34:00,94987.63985,94987.6399,94986.7814,94986.78145,123.03
2026-06-12 12:35:00,94986.78145,94986.78156,94964.71125,94964.71136,102.12
2026-06-12 12:36:00,94964.71136,94964.7114,94961.17299,94961.17303,189.7
2026-06-12 12:37:00,94961.17303,94970.72585,94961.17303,94970.72585,168.96
2026-06-12 12:38:00,94970.72585,94972.76223,94970.72584,94972.76223,165.64
2026-06-12 12:39:00,94972.76223,94984.49138,94972.76219,94984.49135,225.46
2026-06-12 12:40:00,94984.49135,94984.49135,94976.49862,94976.49862,169.47
2026-06-12 12:41:00,94976.49862,94991.50309,94976.49862,94991.50309,67.93
2026-06-12 12:42:00,94991.50309,94991.50311,94988.28813,94988.28814,124.21
2026-06-12 12:43:00,94988.28814,94991.70037,94988.28814,94991.70037,105.22
2026-06-12 12:44:00,94991.70037,94991.75893,94991.70023,94991.7588,137.76
2026-06-12 12:45:00,94991.7588,94994.57266,94991.75872,94994.57257,264.67
2026-06-12 12:46:00,94994.57257,94996.82564,94994.57253,94996.82559,140.26
2026-06-12 12:47:00,94996.82559,94998.54134,94996.82556,94998.5413,168.67
2026-06-12 12:48:00,94998.5413,95003.0435,94998.54124,95003.04345,260.85
2026-06-12 12:49:00,95003.04345,95008.75485,95003.04334,95008.75475,240.4
2026-06-12 12:50:00,95008.75475,95014.30758,95008.75475,95014.30757,170.84
2026-06-12 12:51:00,95014.30757,95014.72402,95014.30748,95014.72393,231.17
2026-06-12 12:52:00,95014.72393,95015.19334,95014.72392,95015.19334,250.96
2026-06-12 12:53:00,95015.19334,95015.19336,94999.6311,94999.63113,296.77
2026-06-12 12:54:00,94999.63113,94999.63129,94996.048,94996.04817,181.85
2026-06-12 12:55:00,94996.04817,94996.04823,94994.08322,94994.08329,208.72
2026-06-12 12:56:00,94994.08329,94994.08333,94987.24321,94987.24326,130.59
2026-06-12 12:57:00,94987.24326,94994.50165,94987.24318,94994.50157,105.1
2026-06-12 12:58:00,94994.50157,95006.12337,94994.50155,95006.12334,227.18
2026-06-12 12:59:00,95006.12334,95009.723,95006.12327,95009.72292,86.82
2026-06-12 13:00:00,95009.72292,95011.81656,95009.72288,95011.81653,235.77
2026-06-12 13:01:00,95011.81653,95022.10894,95011.81646,95022.10887,179.78
2026-06-12 13:02:00,95022.10887,95025.23958,95022.10875,95025.23946,146.46
2026-06-12 13:03:00,95025.23946,95025.23949,95016.63076,95016.63079,87.95
2026-06-12 13:04:00,95016.63079,95016.63082,95015.26373,95015.26376,119.1
2026-06-12 13:05:00,95015.26376,95019.71336,95015.2637,95019.7133,113.72
2026-06-12 13:06:00,95019.7133,95019.71335,95016.80208,95016.80214,156.13
2026-06-12 13:07:00,95016.80214,95021.69219,95016.80207,95021.69212,120.43
2026-06-12 13:08:00,95021.69212,95031.10578,95021.6921,95031.10576,149.48
2026-06-12 13:09:00,95031.10576,95039.5041,95031.1057,95039.50403,140.34
2026-06-12 13:10:00,95039.50403,95043.68349,95039.50393,95043.68339,185.97
2026-06-12 13:11:00,95043.68339,95043.6835,95034.04133,95034.04144,172.47
2026-06-12 13:12:00,95034.04144,95034.0415,95020.11833,95020.11839,200.9
2026-06-12 13:13:00,95020.11839,95025.5634,95020.11823,95025.56324,106.68
2026-06-12 13:14:00,95025.56324,95032.95785,95025.56321,95032.95782,340.38
2026-06-12 13:15:00,95032.95782,95032.95786,95022.97446,95022.9745,114.8
2026-06-12 13:16:00,95022.9745,95023.38587,95022.97444,95023.38582,235.12
2026-06-12 13:17:00,95023.38582,95023.96917,95023.38576,95023.96911,174.97
2026-06-12 13:18:00,95023.96911,95029.99462,95023.96909,95029.9946,115.24
2026-06-12 13:19:00,95029.9946,95031.4659,95029.99451,95031.46581,213.1
2026-06-12 13:20:00,95031.46581,95031.46594,95023.74899,95023.74912,206.97
2026-06-12 13:21:00,95023.74912,95037.58873,95023.74906,95037.58867,160.8
2026-06-12 13:22:00,95037.58867,95037.58879,95031.36943,95031.36955,111.88
2026-06-12 13:23:00,95031.36955,95045.06823,95031.36949,95045.06817,277.08
2026-06-12 13:24:00,95045.06817,95059.29935,95045.06815,95059.29933,146.54
2026-06-12 13:25:00,95059.29933,95061.77146,95059.29932,95061.77146,134.47
2026-06-12 13:26:00,95061.77146,95061.7715,95050.70982,95050.70986,82.38
2026-06-12 13:27:00,95050.70986,95050.7099,95040.10824,95040.10829,148.92
2026-06-12 13:28:00,95040.10829,95040.10835,95032.61324,95032.6133,145.34
2026-06-12 13:29:00,95032.6133,95032.61337,95023.14115,95023.14122,276.6
2026-06-12 13:30:00,95023.14122,95027.21551,95023.14113,95027.21542,118.44
2026-06-12 13:31:00,95027.21542,95027.21547,95018.60507,95018.60512,169.41
2026-06-12 13:32:00,95018.60512,95028.28955,95018.60501,95028.28944,95.66
2026-06-12 13:33:00,95028.28944,95028.28947,95020.0374,95020.03743,94.89
2026-06-12 13:34:00,95020.03743,95023.69263,95020.03732,95023.69252,133.13
2026-06-12 13:35:00,95023.69252,95029.47782,95023.69248,95029.47778,70.74
2026-06-12 13:36:00,95029.47778,95030.83776,95029.47772,95030.83771,147.99
2026-06-12 13:37:00,95030.83771,95032.74821,95030.83763,95032.74813,214.21
2026-06-12 13:38:00,95032.74813,95032.74825,95029.36839,95029.36851,131.99
2026-06-12 13:39:00,95029.36851,95029.36853,95028.64157,95028.64159,102.75
2026-06-12 13:40:00,95028.64159,95028.64169,95020.64229,95020.64239,246.55
2026-06-12 13:41:00,95020.64239,95024.30573,95020.6423,95024.30564,139.15
2026-06-12 13:42:00,95024.30564,95024.30566,95021.49354,95021.49355,135.13
2026-06-12 13:43:00,95021.49355,95026.06889,95021.49353,95026.06887,129.61
2026-06-12 13:44:00,95026.06887,95026.0689,95024.94234,95024.94237,111.15
2026-06-12 13:45:00,95024.94237,95034.60727,95024.94232,95034.60722,154.56
2026-06-12 13:46:00,95034.60722,95044.03582,95034.60715,95044.03575,88.36
2026-06-12 13:47:00,95044.03575,95047.9272,95044.03574,95047.92719,208.33
2026-06-12 13:48:00,95047.92719,95047.9272,95038.86625,95038.86626,146.41
2026-06-12 13:49:00,95038.86626,95038.86628,95034.818,95034.81802,382.05
2026-06-12 13:50:00,95034.81802,95047.60766,95034.81792,95047.60755,219.13
2026-06-12 13:51:00,95047.60755,95051.84159,95047.60754,95051.84158,123.83
2026-06-12 13:52:00,95051.84158,95071.44854,95051.84152,95071.44848,158.91
2026-06-12 13:53:00,95071.44848,95072.10348,95071.44846,95072.10346,219.45
2026-06-12 13:54:00,95072.10346,95072.10355,95060.63764,95060.63773,107.22
2026-06-12 13:55:00,95060.63773,95072.39367,95060.63764,95072.39357,198.93
2026-06-12 13:56:00,95072.39357,95072.39372,95054.97821,95054.97836,143.92
2026-06-12 13:57:00,95054.97836,95054.97839,95054.3776,95054.37764,205.15
2026-06-12 13:58:00,95054.37764,95054.37776,95049.7693,95049.76942,136.23
2026-06-12 13:59:00,95049.76942,95062.8722,95049.76933,95062.87211,256.37
2026-06-12 14:00:00,95062.87211,95062.87213,95060.66233,95060.66235,262.11
2026-06-12 14:01:00,95060.66235,95060.66241,95054.82614,95054.8262,128.37
2026-06-12 14:02:00,95054.8262,95054.82622,95039.55112,95039.55114,93.86
2026-06-12 14:03:00,95039.55114,95039.55122,95032.25086,95032.25094,128.02
2026-06-12 14:04:00,95032.25094,95032.25096,95031.81316,95031.81318,151.58
2026-06-12 14:05:00,95031.81318,95038.63856,95031.81314,95038.63851,128.9
2026-06-12 14:06:00,95038.63851,95044.56113,95038.63846,95044.56107,83.53
2026-06-12 14:07:00,95044.56107,95044.56115,95042.08956,95042.08965,188.86
2026-06-12 14:08:00,95042.08965,95042.08967,95037.89261,95037.89264,124.1
2026-06-12 14:09:00,95037.89264,95037.89268,95028.58756,95028.58761,151.95
2026-06-12 14:10:00,95028.58761,95028.58777,95015.33157,95015.33173,129.51
2026-06-12 14:11:00,95015.33173,95018.05954,95015.33163,95018.05944,87.06
2026-06-12 14:12:00,95018.05944,95029.63421,95018.05943,95029.63419,50.3
2026-06-12 14:13:00,95029.63419,95029.63426,95012.8064,95012.80646,129.52
2026-06-12 14:14:00,95012.80646,95019.00121,95012.8064,95019.00115,185.88
2026-06-12 14:15:00,95019.00115,95019.00115,95012.43987,95012.43987,167.04
2026-06-12 14:16:00,95012.43987,95013.29954,95012.43985,95013.29952,175.17
2026-06-12 14:17:00,95013.29952,95018.85399,95013.29951,95018.85397,131.3
2026-06-12 14:18:00,95018.85397,95018.85404,95011.7135,95011.71357,187.69
2026-06-12 14:19:00,95011.71357,95011.71364,94997.10566,94997.10574,89.79
2026-06-12 14:20:00,94997.10574,94997.95687,94997.10565,94997.95679,210.42
2026-06-12 14:21:00,94997.95679,95001.44428,94997.95676,95001.44426,88.83
2026-06-12 14:22:00,95001.44426,95001.44427,94991.86737,94991.86738,125.6
2026-06-12 14:23:00,94991.86738,94991.8674,94987.38974,94987.38977,165.04
2026-06-12 14:24:00,94987.38977,94987.38983,94984.9246,94984.92466,141.41
2026-06-12 14:25:00,94984.92466,94984.9247,94971.88553,94971.88557,104.15
2026-06-12 14:26:00,94971.88557,94983.13587,94971.88545,94983.13575,133.07
2026-06-12 14:27:00,94983.13575,94983.13582,94975.76416,94975.76423,103.78
2026-06-12 14:28:00,94975.76423,94975.76424,94966.66341,94966.66342,72.87
2026-06-12 14:29:00,94966.66342,94990.2802,94966.66338,94990.28016,97.86
2026-06-12 14:30:00,94990.28016,94990.28018,94985.30905,94985.30907,137.49
2026-06-12 14:31:00,94985.30907,94998.90824,94985.30903,94998.9082,183.16
2026-06-12 14:32:00,94998.9082,94998.9082,94996.6996,94996.6996,127.81
2026-06-12 14:33:00,94996.6996,94996.69962,94991.64689,94991.6469,159.77
2026-06-12 14:34:00,94991.6469,94991.64693,94989.15458,94989.15461,86.15
2026-06-12 14:35:00,94989.15461,94998.89373,94989.15461,94998.89373,118.0
2026-06-12 14:36:00,94998.89373,94999.27984,94998.89372,94999.27983,130.55
2026-06-12 14:37:00,94999.27983,95002.82207,94999.27974,95002.82198,244.62
2026-06-12 14:38:00,95002.82198,95002.82206,95001.15749,95001.15757,102.03
2026-06-12 14:39:00,95001.15757,95004.96878,95001.15753,95004.96875,154.36
2026-06-12 14:40:00,95004.96875,95007.58096,95004.96868,95007.5809,139.74
2026-06-12 14:41:00,95007.5809,95007.58092,95002.07495,95002.07497,114.32
2026-06-12 14:42:00,95002.07497,95002.47875,95002.07495,95002.47873,150.59
2026-06-12 14:43:00,95002.47873,95008.21567,95002.47868,95008.21563,155.53
2026-06-12 14:44:00,95008.21563,95008.21569,95001.3013,95001.30135,69.92
2026-06-12 14:45:00,95001.30135,95001.30143,94993.55594,94993.55602,194.44
2026-06-12 14:46:00,94993.55602,94993.55607,94987.73681,94987.73687,155.26
2026-06-12 14:47:00,94987.73687,94988.94745,94987.73682,94988.94741,216.24
2026-06-12 14:48:00,94988.94741,94994.48281,94988.94738,94994.48278,97.24
2026-06-12 14:49:00,94994.48278,94994.48284,94992.42873,94992.42879,117.73
2026-06-12 14:50:00,94992.42879,94996.14088,94992.42878,94996.14087,209.53
2026-06-12 14:51:00,94996.14087,95004.36594,94996.14076,95004.36583,177.98
2026-06-12 14:52:00,95004.36583,95010.90675,95004.3658,95010.90672,118.35
2026-06-12 14:53:00,95010.90672,95010.90673,95009.1951,95009.1951,343.83
2026-06-12 14:54:00,95009.1951,95010.8568,95009.19509,95010.85678,203.93
2026-06-12 14:55:00,95010.85678,95010.8568,95005.35322,95005.35324,147.17
2026-06-12 14:56:00,95005.35324,95005.35329,94992.88592,94992.88597,111.67
2026-06-12 14:57:00,94992.88597,94994.02484,94992.88596,94994.02482,195.09
2026-06-12 14:58:00,94994.02482,95004.08855,94994.02481,95004.08853,124.02
2026-06-12 14:59:00,95004.08853,95004.08859,94995.96596,94995.96602,121.26
2026-06-12 15:00:00,94995.96602,95004.0673,94995.96601,95004.06729,254.27
2026-06-12 15:01:00,95004.06729,95004.06731,95003.41699,95003.417,101.13
2026-06-12 15:02:00,95003.417,95005.71279,95003.41694,95005.71273,166.73
2026-06-12 15:03:00,95005.71273,95016.40955,95005.71268,95016.40951,192.25
2026-06-12 15:04:00,95016.40951,95016.40955,95004.27908,95004.27913,94.38
2026-06-12 15:05:00,95004.27913,95004.27914,95001.03533,95001.03535,101.33
2026-06-12 15:06:00,95001.03535,95010.38167,95001.03526,95010.38159,131.47
2026-06-12 15:07:00,95010.38159,95013.85631,95010.38146,95013.85619,279.47
2026-06-12 15:08:00,95013.85619,95013.85625,95000.63249,95000.63255,251.61
2026-06-12 15:09:00,95000.63255,95000.63263,94993.75102,94993.7511,111.61
2026-06-12 15:10:00,94993.7511,94993.7511,94987.84979,94987.8498,167.16
2026-06-12 15:11:00,94987.8498,94995.16288,94987.84975,94995.16283,117.86
2026-06-12 15:12:00,94995.16283,94995.16289,94991.14793,94991.14799,199.71
2026-06-12 15:13:00,94991.14799,94991.55478,94991.14793,94991.55473,189.37
2026-06-12 15:14:00,94991.55473,94994.88895,94991.55465,94994.88887,202.25
2026-06-12 15:15:00,94994.88887,94996.34559,94994.88877,94996.34548,83.02
2026-06-12 15:16:00,94996.34548,95006.82486,94996.34547,95006.82485,184.94
2026-06-12 15:17:00,95006.82485,95012.41389,95006.82478,95012.41382,119.83
2026-06-12 15:18:00,95012.41382,95015.487,95012.4138,95015.48698,139.07
2026-06-12 15:19:00,95015.48698,95026.83543,95015.48698,95026.83543,143.07
2026-06-12 15:20:00,95026.83543,95030.54262,95026.83533,95030.54253,185.41
2026-06-12 15:21:00,95030.54253,95031.38114,95030.54243,95031.38104,178.05
2026-06-12 15:22:00,95031.38104,95031.38106,95028.52229,95028.52231,136.78
2026-06-12 15:23:00,95028.52231,95028.52232,95015.156,95015.156,97.84
2026-06-12 15:24:00,95015.156,95015.15607,95010.78204,95010.78211,158.79
2026-06-12 15:25:00,95010.78211,95010.78218,95008.61375,95008.61383,67.37
2026-06-12 15:26:00,95008.61383,95008.61388,95001.59715,95001.5972,180.04
2026-06-12 15:27:00,95001.5972,95001.59721,94994.70385,94994.70386,60.27
2026-06-12 15:28:00,94994.70386,94997.72003,94994.70377,94997.71995,133.61
2026-06-12 15:29:00,94997.71995,95014.5145,94997.71991,95014.51447,130.04
2026-06-12 15:30:00,95014.51447,95018.19033,95014.51444,95018.1903,145.96
2026-06-12 15:31:00,95018.1903,95028.05899,95018.19027,95028.05895,128.97
2026-06-12 15:32:00,95028.05895,95038.18816,95028.05891,95038.18812,166.77
2026-06-12 15:33:00,95038.18812,95041.99491,95038.18807,95041.99486,126.34
2026-06-12 15:34:00,95041.99486,95041.99487,95037.3542,95037.35421,99.0
2026-06-12 15:35:00,95037.35421,95037.35422,95023.18485,95023.18486,260.14
2026-06-12 15:36:00,95023.18486,95023.18487,95011.82049,95011.8205,137.8
2026-06-12 15:37:00,95011.8205,95017.36423,95011.82044,95017.36417,130.28
2026-06-12 15:38:00,95017.36417,95020.64684,95017.36415,95020.64682,144.6
2026-06-12 15:39:00,95020.64682,95021.51629,95020.64678,95021.51624,230.84
2026-06-12 15:40:00,95021.51624,95031.39124,95021.51619,95031.39119,114.99
2026-06-12 15:41:00,95031.39119,95031.3912,95029.49445,95029.49446,111.34
2026-06-12 15:42:00,95029.49446,95034.26679,95029.49438,95034.26671,82.89
2026-06-12 15:43:00,95034.26671,95038.3665,95034.26662,95038.36641,140.28
2026-06-12 15:44:00,95038.36641,95038.36641,95033.33528,95033.33529,169.79
2026-06-12 15:45:00,95033.33529,95041.75238,95033.33525,95041.75234,209.88
2026-06-12 15:46:00,95041.75234,95042.49609,95041.75234,95042.49609,124.07
2026-06-12 15:47:00,95042.49609,95050.30045,95042.49606,95050.30043,133.18
2026-06-12 15:48:00,95050.30043,95050.30053,95042.44131,95042.44141,115.45
2026-06-12 15:49:00,95042.44141,95042.44144,95029.19706,95029.1971,116.98
2026-06-12 15:50:00,95029.1971,95029.19716,95026.26514,95026.2652,170.72
2026-06-12 15:51:00,95026.2652,95026.26521,95018.71011,95018.71012,162.62
2026-06-12 15:52:00,95018.71012,95023.3833,95018.71008,95023.38327,137.64
2026-06-12 15:53:00,95023.38327,95023.38328,95017.09555,95017.09557,181.74
2026-06-12 15:54:00,95017.09557,95029.47509,95017.09552,95029.47504,96.39
2026-06-12 15:55:00,95029.47504,95031.0477,95029.47504,95031.04769,131.0
2026-06-12 15:56:00,95031.04769,95031.04784,95022.18069,95022.18084,127.39
2026-06-12 15:57:00,95022.18084,95022.18088,95021.85946,95021.85951,131.85
2026-06-12 15:58:00,95021.85951,95030.23594,95021.85945,95030.23588,72.97
2026-06-12 15:59:00,95030.23588,95030.23603,95029.22949,95029.22963,168.41
2026-06-12 16:00:00,95029.22963,95029.22968,95012.9789,95012.97894,117.91
2026-06-12 16:01:00,95012.97894,95012.97906,95005.27141,95005.27153,134.2
2026-06-12 16:02:00,95005.27153,95007.61012,95005.27151,95007.6101,144.32
2026-06-12 16:03:00,95007.6101,95007.61022,95002.69839,95002.69851,145.64
2026-06-12 16:04:00,95002.69851,95006.43001,95002.69848,95006.42998,185.57
2026-06-12 16:05:00,95006.42998,95006.43001,95005.0851,95005.08513,133.13
2026-06-12 16:06:00,95005.08513,95005.08519,95004.55501,95004.55507,77.53
2026-06-12 16:07:00,95004.55507,95008.8059,95004.55502,95008.80585,140.62
2026-06-12 16:08:00,95008.80585,95020.25324,95008.80571,95020.2531,103.3
2026-06-12 16:09:00,95020.2531,95020.25317,95007.68792,95007.68799,205.83
2026-06-12 16:10:00,95007.68799,95012.92807,95007.6879,95012.92798,89.84
2026-06-12 16:11:00,95012.92798,95019.65313,95012.92794,95019.65309,158.08
2026-06-12 16:12:00,95019.65309,95023.3676,95019.65304,95023.36755,101.68
2026-06-12 16:13:00,95023.36755,95023.36759,95019.15341,95019.15344,279.02
2026-06-12 16:14:00,95019.15344,95019.54357,95019.15339,95019.54352,58.68
2026-06-12 16:15:00,95019.54352,95027.60193,95019.5435,95027.60191,258.95
2026-06-12 16:16:00,95027.60191,95027.602,95009.40503,95009.40511,175.63
2026-06-12 16:17:00,95009.40511,95009.40515,95008.96611,95008.96615,136.83
2026-06-12 16:18:00,95008.96615,95018.67351,95008.96606,95018.67341,129.94
2026-06-12 16:19:00,95018.67341,95021.8071,95018.67337,95021.80706,158.68
2026-06-12 16:20:00,95021.80706,95021.80721,95021.74237,95021.74252,134.83
2026-06-12 16:21:00,95021.74252,95036.98869,95021.74248,95036.98864,113.72
2026-06-12 16:22:00,95036.98864,95036.98871,95034.50303,95034.5031,212.28
2026-06-12 16:23:00,95034.5031,95038.71289,95034.50307,95038.71287,119.17
2026-06-12 16:24:00,95038.71287,95045.51597,95038.71277,95045.51587,98.74
2026-06-12 16:25:00,95045.51587,95045.51596,95039.50467,95039.50475,82.6
2026-06-12 16:26:00,95039.50475,95039.50477,95036.01256,95036.01258,90.13
2026-06-12 16:27:00,95036.01258,95042.34612,95036.01254,95042.34608,148.09
2026-06-12 16:28:00,95042.34608,95042.34614,95040.75717,95040.75723,112.86
2026-06-12 16:29:00,95040.75723,95040.75726,95031.08836,95031.08838,220.73
2026-06-12 16:30:00,95031.08838,95046.17802,95031.08836,95046.17801,155.0
2026-06-12 16:31:00,95046.17801,95046.17808,95038.39892,95038.399,193.49
2026-06-12 16:32:00,95038.399,95038.39915,95028.54617,95028.54632,266.7
2026-06-12 16:33:00,95028.54632,95034.63929,95028.54631,95034.63928,236.24
2026-06-12 16:34:00,95034.63928,95048.49655,95034.63921,95048.49649,163.67
2026-06-12 16:35:00,95048.49649,95052.62226,95048.49647,95052.62225,144.68
2026-06-12 16:36:00,95052.62225,95052.6223,95039.79424,95039.7943,127.64
2026-06-12 16:37:00,95039.7943,95039.79436,95035.11768,95035.11774,133.57
2026-06-12 16:38:00,95035.11774,95035.11777,95032.15148,95032.15152,95.95
2026-06-12 16:39:00,95032.15152,95036.01489,95032.15148,95036.01486,160.37
2026-06-12 16:40:00,95036.01486,95036.01486,95034.28605,95034.28605,176.46
2026-06-12 16:41:00,95034.28605,95038.05691,95034.28594,95038.0568,143.85
2026-06-12 16:42:00,95038.0568,95038.05681,95036.2632,95036.26321,102.94
2026-06-12 16:43:00,95036.26321,95036.26324,95029.35403,95029.35406,128.7
2026-06-12 16:44:00,95029.35406,95035.36416,95029.35397,95035.36407,234.39
2026-06-12 16:45:00,95035.36407,95035.36411,95031.99913,95031.99917,145.34
2026-06-12 16:46:00,95031.99917,95041.99192,95031.99916,95041.9919,149.48
2026-06-12 16:47:00,95041.9919,95045.28901,95041.99183,95045.28894,278.06
2026-06-12 16:48:00,95045.28894,95051.25509,95045.28891,95051.25506,140.6
2026-06-12 16:49:00,95051.25506,95053.7558,95051.25503,95053.75577,144.37
2026-06-12 16:50:00,95053.75577,95060.71189,95053.75571,95060.71184,147.66
2026-06-12 16:51:00,95060.71184,95060.71186,95058.93213,95058.93216,262.96
2026-06-12 16:52:00,95058.93216,95061.69045,95058.93215,95061.69044,131.97
2026-06-12 16:53:00,95061.69044,95061.69052,95056.72026,95056.72034,131.42
2026-06-12 16:54:00,95056.72034,95056.72035,95035.90657,95035.90658,287.54
2026-06-12 16:55:00,95035.90658,95035.90661,95028.16869,95028.16872,184.66
2026-06-12 16:56:00,95028.16872,95028.16874,95027.07819,95027.07821,298.15
2026-06-12 16:57:00,95027.07821,95027.07827,95021.1841,95021.18416,138.23
2026-06-12 16:58:00,95021.18416,95021.18424,95013.724,95013.72408,165.14
2026-06-12 16:59:00,95013.72408,95013.7242,95001.76382,95001.76394,162.61
2026-06-12 17:00:00,95001.76394,95001.76399,94993.57042,94993.57048,159.91
2026-06-12 17:01:00,94993.57048,95003.43539,94993.57046,95003.43537,119.87
2026-06-12 17:02:00,95003.43537,95019.07404,95003.43536,95019.07404,111.34
2026-06-12 17:03:00,95019.07404,95027.16639,95019.07402,95027.16638,225.93
2026-06-12 17:04:00,95027.16638,95027.16649,95020.36249,95020.3626,95.44
2026-06-12 17:05:00,95020.3626,95020.36262,95018.11966,95018.11968,98.34
2026-06-12 17:06:00,95018.11968,95018.11976,95014.66347,95014.66355,132.56
2026-06-12 17:07:00,95014.66355,95014.66363,95011.98588,95011.98596,171.91
2026-06-12 17:08:00,95011.98596,95011.98598,95009.73131,95009.73133,127.73
2026-06-12 17:09:00,95009.73133,95009.73137,95008.35646,95008.35649,112.19
2026-06-12 17:10:00,95008.35649,95019.05955,95008.35641,95019.05946,158.98
2026-06-12 17:11:00,95019.05946,95031.41755,95019.05934,95031.41743,86.69
2026-06-12 17:12:00,95031.41743,95039.02704,95031.41733,95039.02694,100.0
2026-06-12 17:13:00,95039.02694,95043.6388,95039.02684,95043.63869,144.41
2026-06-12 17:14:00,95043.63869,95046.51761,95043.63869,95046.51761,151.24
2026-06-12 17:15:00,95046.51761,95046.51766,95045.14353,95045.14358,169.04
2026-06-12 17:16:00,95045.14358,95045.14363,95041.96252,95041.96257,72.76
2026-06-12 17:17:00,95041.96257,95041.96263,95028.11976,95028.11982,98.67
2026-06-12 17:18:00,95028.11982,95035.44157,95028.1198,95035.44156,169.08
2026-06-12 17:19:00,95035.44156,95035.44156,95026.9187,95026.91871,158.3
2026-06-12 17:20:00,95026.91871,95027.0305,95026.91868,95027.03048,105.99
2026-06-12 17:21:00,95027.03048,95036.33419,95027.03044,95036.33415,185.39
2026-06-12 17:22:00,95036.33415,95038.80366,95036.33403,95038.80354,190.86
2026-06-12 17:23:00,95038.80354,95038.80357,95023.6129,95023.61293,100.49
2026-06-12 17:24:00,95023.61293,95026.06528,95023.61283,95026.06518,159.8
2026-06-12 17:25:00,95026.06518,95034.69687,95026.06514,95034.69684,238.29
2026-06-12 17:26:00,95034.69684,95034.69684,95031.19818,95031.19818,77.42
2026-06-12 17:27:00,95031.19818,95031.96094,95031.1981,95031.96086,186.74
2026-06-12 17:28:00,95031.96086,95031.96087,95029.01065,95029.01065,109.35
2026-06-12 17:29:00,95029.01065,95029.01066,95012.98544,95012.98546,95.52
2026-06-12 17:30:00,95012.98546,95014.36676,95012.98535,95014.36666,210.35
2026-06-12 17:31:00,95014.36666,95019.79837,95014.36664,95019.79836,117.5
2026-06-12 17:32:00,95019.79836,95019.79848,95018.3239,95018.32402,142.01
2026-06-12 17:33:00,95018.32402,95018.32405,94999.12186,94999.12189,158.28
2026-06-12 17:34:00,94999.12189,94999.12194,94988.27325,94988.2733,140.99
2026-06-12 17:35:00,94988.2733,95002.93798,94988.27322,95002.9379,176.12
2026-06-12 17:36:00,95002.9379,95002.93792,94997.32814,94997.32816,153.14
2026-06-12 17:37:00,94997.32816,95001.2379,94997.32813,95001.23786,137.12
2026-06-12 17:38:00,95001.23786,95006.90451,95001.23778,95006.90443,158.24
2026-06-12 17:39:00,95006.90443,95014.95276,95006.90427,95014.9526,211.6
2026-06-12 17:40:00,95014.9526,95014.95262,95003.42694,95003.42696,143.38
2026-06-12 17:41:00,95003.42696,95012.49403,95003.42695,95012.49402,221.53
2026-06-12 17:42:00,95012.49402,95020.912,95012.49397,95020.91195,123.78
2026-06-12 17:43:00,95020.91195,95030.98381,95020.91191,95030.98377,137.21
2026-06-12 17:44:00,95030.98377,95030.98379,95025.43988,95025.4399,109.6
2026-06-12 17:45:00,95025.4399,95025.43993,95020.34334,95020.34338,92.06
2026-06-12 17:46:00,95020.34338,95036.28798,95020.34335,95036.28796,296.07
2026-06-12 17:47:00,95036.28796,95036.28805,95027.8855,95027.8856,144.32
2026-06-12 17:48:00,95027.8856,95041.72304,95027.88558,95041.72303,97.43
2026-06-12 17:49:00,95041.72303,95044.31756,95041.72299,95044.31752,178.15
2026-06-12 17:50:00,95044.31752,95044.31755,95033.34895,95033.34898,146.63
2026-06-12 17:51:00,95033.34898,95033.34906,95025.86963,95025.8697,116.64
2026-06-12 17:52:00,95025.8697,95033.11705,95025.86957,95033.11692,147.87
2026-06-12 17:53:00,95033.11692,95033.11697,95022.56099,95022.56105,177.82
2026-06-12 17:54:00,95022.56105,95029.36896,95022.56102,95029.36893,209.25
2026-06-12 17:55:00,95029.36893,95029.98335,95029.36886,95029.98328,121.55
2026-06-12 17:56:00,95029.98328,95029.98335,95019.81067,95019.81073,92.61
2026-06-12 17:57:00,95019.81073,95030.40341,95019.81067,95030.40335,233.87
2026-06-12 17:58:00,95030.40335,95036.87815,95030.40333,95036.87813,170.63
2026-06-12 17:59:00,95036.87813,95036.87823,95035.95704,95035.95714,209.28
2026-06-12 18:00:00,95035.95714,95035.95716,95034.82208,95034.8221,168.6
2026-06-12 18:01:00,95034.8221,95039.66299,95034.82209,95039.66299,126.37
2026-06-12 18:02:00,95039.66299,95039.66305,95033.5099,95033.50997,140.23
2026-06-12 18:03:00,95033.50997,95037.53031,95033.50984,95037.53018,158.24
2026-06-12 18:04:00,95037.53018,95037.53021,95034.59182,95034.59185,128.3
2026-06-12 18:05:00,95034.59185,95043.02305,95034.59172,95043.02292,171.22
2026-06-12 18:06:00,95043.02292,95043.02293,95041.8314,95041.83141,196.0
2026-06-12 18:07:00,95041.83141,95041.83141,95031.33796,95031.33796,130.15
2026-06-12 18:08:00,95031.33796,95031.33804,95024.99698,95024.99706,106.2
2026-06-12 18:09:00,95024.99706,95029.10879,95024.99699,95029.10871,172.49
2026-06-12 18:10:00,95029.10871,95036.2881,95029.10866,95036.28805,205.69
2026-06-12 18:11:00,95036.28805,95050.32781,95036.288,95050.32776,78.05
2026-06-12 18:12:00,95050.32776,95050.3278,95045.34586,95045.34589,157.21
2026-06-12 18:13:00,95045.34589,95045.34597,95038.19553,95038.19561,138.11
2026-06-12 18:14:00,95038.19561,95052.13713,95038.19548,95052.137,241.35
2026-06-12 18:15:00,95052.137,95061.54343,95052.13697,95061.54341,133.91
2026-06-12 18:16:00,95061.54341,95074.51204,95061.54335,95074.51199,120.22
2026-06-12 18:17:00,95074.51199,95079.33781,95074.51198,95079.33781,177.88
2026-06-12 18:18:00,95079.33781,95079.33793,95066.70887,95066.70899,229.92
2026-06-12 18:19:00,95066.70899,95066.70905,95045.29407,95045.29413,232.0
2026-06-12 18:20:00,95045.29413,95046.77582,95045.29407,95046.77576,184.53
2026-06-12 18:21:00,95046.77576,95046.77586,95042.10705,95042.10715,235.74
2026-06-12 18:22:00,95042.10715,95042.10721,95030.3448,95030.34487,275.57
2026-06-12 18:23:00,95030.34487,95030.3449,95026.97049,95026.97053,137.07
2026-06-12 18:24:00,95026.97053,95033.5016,95026.97053,95033.5016,236.77
2026-06-12 18:25:00,95033.5016,95033.50171,95031.80189,95031.802,241.19
2026-06-12 18:26:00,95031.802,95031.80206,95026.27275,95026.27281,152.97
2026-06-12 18:27:00,95026.27281,95026.27288,95023.38607,95023.38614,110.93
2026-06-12 18:28:00,95023.38614,95023.38623,95021.83419,95021.83428,155.99
2026-06-12 18:29:00,95021.83428,95027.78619,95021.83428,95027.78619,139.47
2026-06-12 18:30:00,95027.78619,95037.32513,95027.78615,95037.32509,213.02
2026-06-12 18:31:00,95037.32509,95037.32514,95033.1026,95033.10265,96.59
2026-06-12 18:32:00,95033.10265,95033.10271,95016.29797,95016.29803,159.17
2026-06-12 18:33:00,95016.29803,95023.52147,95016.29797,95023.52142,161.74
2026-06-12 18:34:00,95023.52142,95023.52148,95016.30302,95016.30308,122.83
2026-06-12 18:35:00,95016.30308,95016.30316,95011.43596,95011.43603,125.13
2026-06-12 18:36:00,95011.43603,95020.63823,95011.436,95020.6382,131.36
2026-06-12 18:37:00,95020.6382,95022.43775,95020.63817,95022.43771,74.46
2026-06-12 18:38:00,95022.43771,95030.08569,95022.43768,95030.08566,73.1
2026-06-12 18:39:00,95030.08566,95039.93423,95030.08564,95039.93422,173.01
2026-06-12 18:40:00,95039.93422,95039.93433,95034.47574,95034.47585,198.98
2026-06-12 18:41:00,95034.47585,95034.47586,95032.99364,95032.99364,195.27
2026-06-12 18:42:00,95032.99364,95032.99367,95014.21275,95014.21278,97.57
2026-06-12 18:43:00,95014.21278,95014.2129,95013.35354,95013.35366,78.48
2026-06-12 18:44:00,95013.35366,95013.35373,95008.3283,95008.32837,224.7
2026-06-12 18:45:00,95008.32837,95017.15121,95008.32836,95017.15119,77.62
2026-06-12 18:46:00,95017.15119,95017.1512,95013.73032,95013.73032,238.07
2026-06-12 18:47:00,95013.73032,95013.73032,95003.82704,95003.82704,130.85
2026-06-12 18:48:00,95003.82704,95008.78665,95003.82688,95008.78649,192.18
2026-06-12 18:49:00,95008.78649,95011.20895,95008.78644,95011.2089,152.82
2026-06-12 18:50:00,95011.2089,95011.20895,95004.22071,95004.22076,188.12
2026-06-12 18:51:00,95004.22076,95004.22086,94992.87923,94992.87932,85.77
2026-06-12 18:52:00,94992.87932,94992.87937,94991.34961,94991.34966,188.27
2026-06-12 18:53:00,94991.34966,94991.34968,94985.5915,94985.59152,148.87
2026-06-12 18:54:00,94985.59152,94987.89427,94985.59147,94987.89422,102.71
2026-06-12 18:55:00,94987.89422,94995.09953,94987.8942,94995.0995,202.97
2026-06-12 18:56:00,94995.0995,94995.64295,94995.0994,94995.64284,250.09
2026-06-12 18:57:00,94995.64284,95003.85373,94995.64282,95003.85371,120.14
2026-06-12 18:58:00,95003.85371,95018.1686,95003.85367,95018.16856,195.27
2026-06-12 18:59:00,95018.16856,95018.1686,95014.87403,95014.87407,166.07
2026-06-12 19:00:00,95014.87407,95019.15188,95014.87404,95019.15185,153.0
2026-06-12 19:01:00,95019.15185,95019.53525,95019.15182,95019.53523,118.95
2026-06-12 19:02:00,95019.53523,95019.53527,94999.73504,94999.73509,277.8
2026-06-12 19:03:00,94999.73509,94999.73514,94988.36455,94988.36461,164.53
2026-06-12 19:04:00,94988.36461,94996.82672,94988.36461,94996.82672,111.98
2026-06-12 19:05:00,94996.82672,94996.82673,94995.56519,94995.56521,406.73
2026-06-12 19:06:00,94995.56521,94995.56527,94995.14618,94995.14625,148.38
2026-06-12 19:07:00,94995.14625,95015.68985,94995.14619,95015.68979,123.46
2026-06-12 19:08:00,95015.68979,95017.1275,95015.6897,95017.12741,170.24
2026-06-12 19:09:00,95017.12741,95017.12749,95010.13824,95010.13833,226.84
2026-06-12 19:10:00,95010.13833,95010.13845,95005.65369,95005.65381,95.85
2026-06-12 19:11:00,95005.65381,95008.58349,95005.65381,95008.58349,108.84
2026-06-12 19:12:00,95008.58349,95008.58357,95002.02446,95002.02454,248.55
2026-06-12 19:13:00,95002.02454,95002.02455,94995.04033,94995.04034,70.44
2026-06-12 19:14:00,94995.04034,95009.65556,94995.04031,95009.65554,181.89
2026-06-12 19:15:00,95009.65554,95009.65559,95004.66155,95004.6616,131.71
2026-06-12 19:16:00,95004.6616,95012.02336,95004.66156,95012.02332,79.32
2026-06-12 19:17:00,95012.02332,95012.02337,95005.02983,95005.02987,135.08
2026-06-12 19:18:00,95005.02987,95005.02991,95003.87555,95003.87559,167.62
2026-06-12 19:19:00,95003.87559,95013.66166,95003.87558,95013.66165,107.29
2026-06-12 19:20:00,95013.66165,95013.66166,95004.93653,95004.93654,286.74
2026-06-12 19:21:00,95004.93654,95006.07359,95004.93652,95006.07357,147.04
2026-06-12 19:22:00,95006.07357,95006.07368,95003.9362,95003.9363,122.44
2026-06-12 19:23:00,95003.9363,95003.93632,94996.31176,94996.31178,162.45
2026-06-12 19:24:00,94996.31178,95000.4826,94996.31169,95000.48252,205.67
2026-06-12 19:25:00,95000.48252,95004.90583,95000.48244,95004.90575,99.33
2026-06-12 19:26:00,95004.90575,95004.90578,95004.74521,95004.74523,121.44
2026-06-12 19:27:00,95004.74523,95006.62809,95004.74523,95006.62808,159.41
2026-06-12 19:28:00,95006.62808,95006.62812,95006.04427,95006.04431,180.01
2026-06-12 19:29:00,95006.04431,95011.46147,95006.04428,95011.46144,156.22
2026-06-12 19:30:00,95011.46144,95011.46144,95006.88673,95006.88673,149.4
2026-06-12 19:31:00,95006.88673,95015.2427,95006.88673,95015.2427,239.04
2026-06-12 19:32:00,95015.2427,95017.56422,95015.24263,95017.56416,77.49
2026-06-12 19:33:00,95017.56416,95031.84494,95017.56414,95031.84493,154.4
2026-06-12 19:34:00,95031.84493,95031.84495,95028.013,95028.01302,105.25
2026-06-12 19:35:00,95028.01302,95045.30764,95028.013,95045.30762,204.62
2026-06-12 19:36:00,95045.30762,95045.30763,95044.79183,95044.79183,120.1
2026-06-12 19:37:00,95044.79183,95056.02975,95044.79181,95056.02972,122.93
2026-06-12 19:38:00,95056.02972,95056.02978,95046.97914,95046.97919,155.68
2026-06-12 19:39:00,95046.97919,95051.31657,95046.97915,95051.31653,201.36
2026-06-12 19:40:00,95051.31653,95051.31658,95043.16772,95043.16777,178.93
2026-06-12 19:41:00,95043.16777,95050.50838,95043.16773,95050.50834,117.26
2026-06-12 19:42:00,95050.50834,95050.50841,95047.09553,95047.09561,193.71
2026-06-12 19:43:00,95047.09561,95047.09563,95033.76247,95033.76249,206.3
2026-06-12 19:44:00,95033.76249,95033.7625,95024.38645,95024.38646,170.22
2026-06-12 19:45:00,95024.38646,95024.38646,95020.46048,95020.46048,107.18
2026-06-12 19:46:00,95020.46048,95020.4605,95020.34414,95020.34416,214.98
2026-06-12 19:47:00,95020.34416,95020.34422,95013.81193,95013.81199,228.41
2026-06-12 19:48:00,95013.81199,95014.11991,95013.81196,95014.11987,212.74
2026-06-12 19:49:00,95014.11987,95022.94289,95014.11986,95022.94288,187.2
2026-06-12 19:50:00,95022.94288,95022.94292,95019.04091,95019.04095,99.88
2026-06-12 19:51:00,95019.04095,95019.04101,95012.13146,95012.13153,141.62
2026-06-12 19:52:00,95012.13153,95012.13159,95007.49398,95007.49405,102.82
2026-06-12 19:53:00,95007.49405,95010.01932,95007.494,95010.01927,225.98
2026-06-12 19:54:00,95010.01927,95017.25235,95010.01926,95017.25235,101.74
2026-06-12 19:55:00,95017.25235,95018.5563,95017.25234,95018.55629,169.83
2026-06-12 19:56:00,95018.55629,95018.55639,95013.02843,95013.02852,88.45
2026-06-12 19:57:00,95013.02852,95013.02854,95007.0029,95007.00292,178.91
2026-06-12 19:58:00,95007.00292,95020.21805,95007.00286,95020.21799,184.53
2026-06-12 19:59:00,95020.21799,95020.21799,95004.71944,95004.71944,147.91
2026-06-12 20:00:00,95004.71944,95004.71955,94994.1009,94994.10101,132.95
2026-06-12 20:01:00,94994.10101,94997.97946,94994.10101,94997.97946,143.07
2026-06-12 20:02:00,94997.97946,94997.97959,94994.77677,94994.7769,141.83
2026-06-12 20:03:00,94994.7769,94994.77697,94983.23667,94983.23674,137.82
2026-06-12 20:04:00,94983.23674,94983.23675,94970.97111,94970.97111,215.36
2026-06-12 20:05:00,94970.97111,94970.97127,94965.53359,94965.53375,160.75
2026-06-12 20:06:00,94965.53375,94970.31773,94965.53373,94970.31772,121.58
2026-06-12 20:07:00,94970.31772,94970.31775,94959.20929,94959.20932,348.67
2026-06-12 20:08:00,94959.20932,94980.49236,94959.20927,94980.49231,72.1
2026-06-12 20:09:00,94980.49231,94980.49242,94977.2427,94977.24281,87.7
2026-06-12 20:10:00,94977.24281,94977.24292,94970.46159,94970.46171,140.27
2026-06-12 20:11:00,94970.46171,94986.05421,94970.46165,94986.05415,222.87
2026-06-12 20:12:00,94986.05415,94986.05415,94984.23523,94984.23523,243.69
2026-06-12 20:13:00,94984.23523,94984.23524,94982.6085,94982.6085,133.62
2026-06-12 20:14:00,94982.6085,94983.41415,94982.60844,94983.41408,108.81
2026-06-12 20:15:00,94983.41408,94987.66731,94983.41403,94987.66726,344.65
2026-06-12 20:16:00,94987.66726,94987.66727,94972.51833,94972.51834,120.56
2026-06-12 20:17:00,94972.51834,94972.51835,94971.84225,94971.84226,257.13
2026-06-12 20:18:00,94971.84226,94971.84234,94970.88474,94970.88482,226.43
2026-06-12 20:19:00,94970.88482,94970.88489,94967.44926,94967.44934,121.03
2026-06-12 20:20:00,94967.44934,94967.44937,94949.48025,94949.48028,74.1
2026-06-12 20:21:00,94949.48028,94951.05491,94949.4802,94951.05483,91.09
2026-06-12 20:22:00,94951.05483,94951.05486,94941.49057,94941.4906,214.35
2026-06-12 20:23:00,94941.4906,94945.2896,94941.49051,94945.2895,107.4
2026-06-12 20:24:00,94945.2895,94956.00616,94945.28945,94956.00612,254.73
2026-06-12 20:25:00,94956.00612,94956.00613,94949.39944,94949.39946,205.52
2026-06-12 20:26:00,94949.39946,94949.39946,94936.71556,94936.71556,132.36
2026-06-12 20:27:00,94936.71556,94946.83583,94936.71553,94946.8358,102.29
2026-06-12 20:28:00,94946.8358,94946.83583,94946.47636,94946.47639,86.01
2026-06-12 20:29:00,94946.47639,94946.47642,94943.10967,94943.1097,244.93
2026-06-12 20:30:00,94943.1097,94943.10973,94929.23975,94929.23978,144.52
2026-06-12 20:31:00,94929.23978,94931.69143,94929.23967,94931.69132,193.4
2026-06-12 20:32:00,94931.69132,94931.6914,94931.67946,94931.67954,154.85
2026-06-12 20:33:00,94931.67954,94941.84029,94931.67951,94941.84026,198.68
2026-06-12 20:34:00,94941.84026,94943.19971,94941.84023,94943.19968,93.72
2026-06-12 20:35:00,94943.19968,94950.4593,94943.19964,94950.45926,133.68
2026-06-12 20:36:00,94950.45926,94951.90106,94950.45924,94951.90105,217.67
2026-06-12 20:37:00,94951.90105,94951.90106,94944.03119,94944.0312,105.27
2026-06-12 20:38:00,94944.0312,94947.59527,94944.03117,94947.59524,186.31
2026-06-12 20:39:00,94947.59524,94951.88555,94947.5952,94951.88551,170.03
2026-06-12 20:40:00,94951.88551,94951.88563,94949.74932,94949.74944,165.2
2026-06-12 20:41:00,94949.74944,94956.23476,94949.74943,94956.23475,109.23
2026-06-12 20:42:00,94956.23475,94958.52981,94956.23474,94958.5298,81.36
2026-06-12 20:43:00,94958.5298,94965.55263,94958.52959,94965.55242,181.32
2026-06-12 20:44:00,94965.55242,94969.038,94965.55241,94969.038,166.34
2026-06-12 20:45:00,94969.038,94976.6067,94969.03792,94976.60662,242.93
2026-06-12 20:46:00,94976.60662,94976.60667,94975.39378,94975.39382,149.08
2026-06-12 20:47:00,94975.39382,94975.39384,94971.68477,94971.68479,124.36
2026-06-12 20:48:00,94971.68479,94971.68489,94965.78664,94965.78674,84.63
2026-06-12 20:49:00,94965.78674,94974.60496,94965.7867,94974.60492,175.37
2026-06-12 20:50:00,94974.60492,94975.89988,94974.60483,94975.89979,316.12
2026-06-12 20:51:00,94975.89979,94975.89979,94964.75207,94964.75207,146.81
2026-06-12 20:52:00,94964.75207,94964.75212,94951.50524,94951.50528,104.34
2026-06-12 20:53:00,94951.50528,94951.50531,94944.87896,94944.87898,188.53
2026-06-12 20:54:00,94944.87898,94953.91372,94944.87898,94953.91372,203.68
2026-06-12 20:55:00,94953.91372,94969.59308,94953.91365,94969.59301,239.52
2026-06-12 20:56:00,94969.59301,94977.17111,94969.59298,94977.17108,194.8
2026-06-12 20:57:00,94977.17108,94977.17115,94971.31591,94971.31598,168.68
2026-06-12 20:58:00,94971.31598,94978.27355,94971.31593,94978.2735,137.18
2026-06-12 20:59:00,94978.2735,94980.88307,94978.27348,94980.88305,215.88
2026-06-12 21:00:00,94980.88305,94998.63191,94980.88302,94998.63188,95.19
2026-06-12 21:01:00,94998.63188,94998.63195,94993.23045,94993.23052,117.77
2026-06-12 21:02:00,94993.23052,94993.23056,94992.14625,94992.14629,145.87
2026-06-12 21:03:00,94992.14629,94996.92995,94992.1462,94996.92986,132.11
2026-06-12 21:04:00,94996.92986,94997.25825,94996.9298,94997.25819,123.23
2026-06-12 21:05:00,94997.25819,94997.2582,94994.6673,94994.66731,131.55
2026-06-12 21:06:00,94994.66731,94994.66732,94986.8856,94986.88561,223.66
2026-06-12 21:07:00,94986.88561,94987.70355,94986.88553,94987.70347,143.42
2026-06-12 21:08:00,94987.70347,94987.86037,94987.70339,94987.8603,104.02
2026-06-12 21:09:00,94987.8603,94987.8603,94982.64497,94982.64497,261.08
2026-06-12 21:10:00,94982.64497,94982.64499,94981.57492,94981.57494,80.34
2026-06-12 21:11:00,94981.57494,94981.57498,94972.66102,94972.66106,307.17
2026-06-12 21:12:00,94972.66106,94972.66111,94966.19932,94966.19937,97.96
2026-06-12 21:13:00,94966.19937,94966.19951,94962.69286,94962.693,95.28
2026-06-12 21:14:00,94962.693,94962.69306,94960.18772,94960.18778,215.58
2026-06-12 21:15:00,94960.18778,94960.18783,94955.81612,94955.81617,99.68
2026-06-12 21:16:00,94955.81617,94956.17449,94955.81606,94956.17438,150.82
2026-06-12 21:17:00,94956.17438,94956.1745,94955.88086,94955.88098,76.87
2026-06-12 21:18:00,94955.88098,94958.46195,94955.88098,94958.46194,138.17
2026-06-12 21:19:00,94958.46194,94958.46205,94958.10959,94958.1097,169.92
2026-06-12 21:20:00,94958.1097,94966.13531,94958.1096,94966.13521,144.42
2026-06-12 21:21:00,94966.13521,94966.13527,94966.12306,94966.12312,102.93
2026-06-12 21:22:00,94966.12312,94968.06349,94966.12308,94968.06345,162.25
2026-06-12 21:23:00,94968.06345,94971.35822,94968.06341,94971.35818,85.15
2026-06-12 21:24:00,94971.35818,94971.35839,94970.73299,94970.73319,179.86
2026-06-12 21:25:00,94970.73319,94970.73322,94969.26982,94969.26985,105.48
2026-06-12 21:26:00,94969.26985,94969.26987,94966.20695,94966.20697,139.2
2026-06-12 21:27:00,94966.20697,94966.207,94964.58497,94964.585,94.39
2026-06-12 21:28:00,94964.585,94975.4234,94964.58493,94975.42333,211.47
2026-06-12 21:29:00,94975.42333,94984.12712,94975.42332,94984.1271,215.19
2026-06-12 21:30:00,94984.1271,94991.09885,94984.12707,94991.09882,252.27
2026-06-12 21:31:00,94991.09882,94998.34113,94991.09881,94998.34112,90.29
2026-06-12 21:32:00,94998.34112,95011.36733,94998.34107,95011.36728,247.05
2026-06-12 21:33:00,95011.36728,95014.662,95011.3672,95014.66192,150.57
2026-06-12 21:34:00,95014.66192,95019.06211,95014.66192,95019.0621,187.01
2026-06-12 21:35:00,95019.0621,95019.06218,95009.76755,95009.76763,106.62
2026-06-12 21:36:00,95009.76763,95009.76768,95004.10653,95004.10658,307.59
2026-06-12 21:37:00,95004.10658,95004.10659,95000.29631,95000.29633,170.86
2026-06-12 21:38:00,95000.29633,95005.00517,95000.29627,95005.00512,209.74
2026-06-12 21:39:00,95005.00512,95005.00515,95002.3054,95002.30543,132.83
2026-06-12 21:40:00,95002.30543,95002.30544,94992.79679,94992.7968,281.07
2026-06-12 21:41:00,94992.7968,94992.7969,94986.00947,94986.00956,114.15
2026-06-12 21:42:00,94986.00956,94986.00959,94984.72577,94984.7258,126.59
2026-06-12 21:43:00,94984.7258,95001.11827,94984.72569,95001.11817,198.92
2026-06-12 21:44:00,95001.11817,95001.6064,95001.11804,95001.60627,207.76
2026-06-12 21:45:00,95001.60627,95001.60629,94999.95379,94999.95382,295.53
2026-06-12 21:46:00,94999.95382,95006.83358,94999.95378,95006.83354,177.65
2026-06-12 21:47:00,95006.83354,95020.70351,95006.83352,95020.70348,127.36
2026-06-12 21:48:00,95020.70348,95020.70352,95006.65097,95006.651,125.36
2026-06-12 21:49:00,95006.651,95006.65105,94993.43494,94993.43499,242.34
2026-06-12 21:50:00,94993.43499,94993.43503,94992.6119,94992.61194,129.85
2026-06-12 21:51:00,94992.61194,95007.81799,94992.61193,95007.81797,162.13
2026-06-12 21:52:00,95007.81797,95016.92787,95007.81793,95016.92783,210.84
2026-06-12 21:53:00,95016.92783,95016.92789,95016.49289,95016.49296,166.91
2026-06-12 21:54:00,95016.49296,95016.49305,95014.65397,95014.65406,159.9
2026-06-12 21:55:00,95014.65406,95014.65415,94993.5337,94993.53379,142.29
2026-06-12 21:56:00,94993.53379,94997.40396,94993.53378,94997.40395,139.11
2026-06-12 21:57:00,94997.40395,94997.40397,94992.37504,94992.37506,130.37
2026-06-12 21:58:00,94992.37506,94992.37508,94982.73217,94982.7322,221.64
2026-06-12 21:59:00,94982.7322,94982.73237,94977.38741,94977.38758,147.5
2026-06-12 22:00:00,94977.38758,94980.62282,94977.38756,94980.62281,102.33
2026-06-12 22:01:00,94980.62281,94980.95543,94980.62275,94980.95537,107.43
2026-06-12 22:02:00,94980.95537,94980.95542,94976.88568,94976.88574,154.68
2026-06-12 22:03:00,94976.88574,94991.11259,94976.88572,94991.11257,171.64
2026-06-12 22:04:00,94991.11257,94991.1126,94990.75712,94990.75715,213.96
2026-06-12 22:05:00,94990.75715,94995.24727,94990.75705,94995.24717,71.66
2026-06-12 22:06:00,94995.24717,94995.24728,94990.47213,94990.47224,140.72
2026-06-12 22:07:00,94990.47224,95010.02441,94990.47219,95010.02436,157.67
2026-06-12 22:08:00,95010.02436,95010.02437,95005.42879,95005.42881,175.16
2026-06-12 22:09:00,95005.42881,95007.54853,95005.42868,95007.5484,87.89
2026-06-12 22:10:00,95007.5484,95007.54843,95000.79686,95000.79689,169.57
2026-06-12 22:11:00,95000.79689,95000.79697,94996.12241,94996.12249,212.11
2026-06-12 22:12:00,94996.12249,94997.12875,94996.12239,94997.12864,125.35
2026-06-12 22:13:00,94997.12864,95002.21033,94997.1286,95002.21029,157.85
2026-06-12 22:14:00,95002.21029,95009.44516,95002.21021,95009.44508,180.03
2026-06-12 22:15:00,95009.44508,95020.92669,95009.44505,95020.92666,61.8
2026-06-12 22:16:00,95020.92666,95020.92667,95006.1129,95006.11291,188.47
2026-06-12 22:17:00,95006.11291,95006.11294,94999.74732,94999.74734,142.02
2026-06-12 22:18:00,94999.74734,94999.74738,94994.55806,94994.55809,144.8
2026-06-12 22:19:00,94994.55809,94994.55816,94989.70829,94989.70835,82.24
2026-06-12 22:20:00,94989.70835,94994.94364,94989.70827,94994.94356,196.5
2026-06-12 22:21:00,94994.94356,94994.94365,94989.93915,94989.93923,128.05
2026-06-12 22:22:00,94989.93923,95003.51403,94989.9391,95003.5139,104.55
2026-06-12 22:23:00,95003.5139,95007.48579,95003.51388,95007.48577,197.4
2026-06-12 22:24:00,95007.48577,95008.50642,95007.48574,95008.50639,127.47
2026-06-12 22:25:00,95008.50639,95008.50641,95000.13757,95000.1376,236.27
2026-06-12 22:26:00,95000.1376,95002.5476,95000.13752,95002.54752,104.38
2026-06-12 22:27:00,95002.54752,95013.89573,95002.54748,95013.89569,150.92
2026-06-12 22:28:00,95013.89569,95013.98371,95013.89564,95013.98366,249.41
2026-06-12 22:29:00,95013.98366,95035.5912,95013.98361,95035.59115,144.32
2026-06-12 22:30:00,95035.59115,95035.59118,95029.71732,95029.71735,81.07
2026-06-12 22:31:00,95029.71735,95029.71738,95025.51667,95025.51671,404.49
2026-06-12 22:32:00,95025.51671,95025.51674,95013.32402,95013.32406,146.09
2026-06-12 22:33:00,95013.32406,95025.69112,95013.32404,95025.69111,157.12
2026-06-12 22:34:00,95025.69111,95027.14394,95025.69109,95027.14392,130.93
2026-06-12 22:35:00,95027.14392,95030.03878,95027.14391,95030.03877,117.68
2026-06-12 22:36:00,95030.03877,95030.03888,95025.76651,95025.76662,119.82
2026-06-12 22:37:00,95025.76662,95031.12609,95025.76654,95031.12602,144.88
2026-06-12 22:38:00,95031.12602,95042.61404,95031.126,95042.61402,143.18
2026-06-12 22:39:00,95042.61402,95042.61404,95032.34024,95032.34025,233.08
2026-06-12 22:40:00,95032.34025,95034.18425,95032.34019,95034.18419,158.53
2026-06-12 22:41:00,95034.18419,95034.1842,95020.58831,95020.58831,146.23
2026-06-12 22:42:00,95020.58831,95020.58837,95016.84909,95016.84915,168.18
2026-06-12 22:43:00,95016.84915,95016.84923,95015.09634,95015.09642,171.44
2026-06-12 22:44:00,95015.09642,95021.38526,95015.09632,95021.38515,200.07
2026-06-12 22:45:00,95021.38515,95021.38515,95021.32688,95021.32688,101.17
2026-06-12 22:46:00,95021.32688,95032.85558,95021.32686,95032.85556,229.42
2026-06-12 22:47:00,95032.85556,95032.85562,95016.45154,95016.4516,178.82
2026-06-12 22:48:00,95016.4516,95019.23869,95016.45155,95019.23864,117.32
2026-06-12 22:49:00,95019.23864,95019.23867,95015.80361,95015.80364,146.75
2026-06-12 22:50:00,95015.80364,95023.58515,95015.80345,95023.58496,82.08
2026-06-12 22:51:00,95023.58496,95027.8095,95023.58491,95027.80945,259.0
2026-06-12 22:52:00,95027.80945,95027.80953,95017.98197,95017.98205,238.43
2026-06-12 22:53:00,95017.98205,95017.98216,95014.46961,95014.46972,161.06
2026-06-12 22:54:00,95014.46972,95014.46972,95005.44307,95005.44308,178.44
2026-06-12 22:55:00,95005.44308,95005.4431,94990.84995,94990.84998,160.81
2026-06-12 22:56:00,94990.84998,94990.85011,94988.76186,94988.76199,87.71
2026-06-12 22:57:00,94988.76199,94992.8274,94988.76198,94992.82739,265.63
2026-06-12 22:58:00,94992.82739,94995.39907,94992.82737,94995.39905,188.12
2026-06-12 22:59:00,94995.39905,94997.76016,94995.39901,94997.76013,149.66
2026-06-12 23:00:00,94997.76013,95007.03774,94997.75994,95007.03756,102.15
2026-06-12 23:01:00,95007.03756,95007.03757,95002.2356,95002.23561,107.83
2026-06-12 23:02:00,95002.23561,95005.96752,95002.23558,95005.96749,104.96
2026-06-12 23:03:00,95005.96749,95011.23343,95005.96745,95011.23338,148.78
2026-06-12 23:04:00,95011.23338,95011.23341,95005.70392,95005.70395,100.02
2026-06-12 23:05:00,95005.70395,95006.50354,95005.70381,95006.5034,158.37
2026-06-12 23:06:00,95006.5034,95013.83202,95006.50338,95013.83199,202.82
2026-06-12 23:07:00,95013.83199,95019.15488,95013.83197,95019.15486,119.55
2026-06-12 23:08:00,95019.15486,95029.03243,95019.15482,95029.03239,259.56
2026-06-12 23:09:00,95029.03239,95029.03241,95024.27596,95024.27598,322.87
2026-06-12 23:10:00,95024.27598,95024.27603,95019.07422,95019.07427,72.96
2026-06-12 23:11:00,95019.07427,95019.92894,95019.07416,95019.92883,109.87
2026-06-12 23:12:00,95019.92883,95028.81386,95019.92875,95028.81378,97.63
2026-06-12 23:13:00,95028.81378,95028.81383,95016.48101,95016.48106,95.18
2026-06-12 23:14:00,95016.48106,95016.84359,95016.48098,95016.84351,138.48
2026-06-12 23:15:00,95016.84351,95023.26733,95016.84341,95023.26722,144.17
2026-06-12 23:16:00,95023.26722,95028.07641,95023.26717,95028.07635,212.2
2026-06-12 23:17:00,95028.07635,95041.73481,95028.07635,95041.73481,128.35
2026-06-12 23:18:00,95041.73481,95041.73483,95030.65595,95030.65596,225.49
2026-06-12 23:19:00,95030.65596,95030.65597,95030.45928,95030.45929,102.03
2026-06-12 23:20:00,95030.45929,95030.45932,95023.823,95023.82303,138.25
2026-06-12 23:21:00,95023.82303,95023.82308,95008.46397,95008.46402,94.53
2026-06-12 23:22:00,95008.46402,95015.2764,95008.46401,95015.27639,173.95
2026-06-12 23:23:00,95015.27639,95015.27642,95006.15544,95006.15546,295.14
2026-06-12 23:24:00,95006.15546,95006.15551,94993.19881,94993.19886,109.42
2026-06-12 23:25:00,94993.19886,94993.19898,94990.40095,94990.40106,149.24
2026-06-12 23:26:00,94990.40106,94994.44525,94990.40103,94994.44522,190.9
2026-06-12 23:27:00,94994.44522,94994.44531,94991.96327,94991.96336,119.12
2026-06-12 23:28:00,94991.96336,94991.96347,94989.54711,94989.54722,175.15
2026-06-12 23:29:00,94989.54722,94992.81801,94989.54718,94992.81797,238.58
2026-06-12 23:30:00,94992.81797,94998.54194,94992.81794,94998.5419,141.53
2026-06-12 23:31:00,94998.5419,94998.54199,94993.45375,94993.45384,102.44
2026-06-12 23:32:00,94993.45384,94993.45386,94988.9093,94988.90933,208.31
2026-06-12 23:33:00,94988.90933,94988.90934,94983.29298,94983.29299,202.64
2026-06-12 23:34:00,94983.29299,94983.29309,94980.74464,94980.74474,194.36
2026-06-12 23:35:00,94980.74474,94980.74476,94977.74862,94977.74864,168.94
2026-06-12 23:36:00,94977.74864,94977.74865,94977.17658,94977.17659,103.9
2026-06-12 23:37:00,94977.17659,94977.17666,94970.23243,94970.2325,190.77
2026-06-12 23:38:00,94970.2325,94970.23259,94967.97934,94967.97943,112.48
2026-06-12 23:39:00,94967.97943,94967.97952,94965.83885,94965.83893,125.01
2026-06-12 23:40:00,94965.83893,94968.71979,94965.83886,94968.71972,265.74
2026-06-12 23:41:00,94968.71972,94971.37991,94968.71966,94971.37985,163.1
2026-06-12 23:42:00,94971.37985,94986.62467,94971.37967,94986.62449,123.81
2026-06-12 23:43:00,94986.62449,94992.92817,94986.62446,94992.92814,165.83
2026-06-12 23:44:00,94992.92814,94995.9445,94992.92814,94995.9445,257.35
2026-06-12 23:45:00,94995.9445,94995.94453,94995.74054,94995.74057,118.7
2026-06-12 23:46:00,94995.74057,94998.33642,94995.74054,94998.33639,141.45
2026-06-12 23:47:00,94998.33639,95000.03436,94998.33637,95000.03434,129.5
2026-06-12 23:48:00,95000.03434,95000.03436,94991.86034,94991.86036,158.8
2026-06-12 23:49:00,94991.86036,94991.86038,94985.62075,94985.62078,110.08
2026-06-12 23:50:00,94985.62078,94988.50067,94985.62072,94988.50061,175.39
2026-06-12 23:51:00,94988.50061,94988.69563,94988.5005,94988.69552,297.83
2026-06-12 23:52:00,94988.69552,95001.13645,94988.69536,95001.13629,119.9
2026-06-12 23:53:00,95001.13629,95001.13634,94997.25339,94997.25344,152.27
2026-06-12 23:54:00,94997.25344,94997.25348,94988.77138,94988.77141,93.44
2026-06-12 23:55:00,94988.77141,94989.36895,94988.77138,94989.36892,141.98
2026-06-12 23:56:00,94989.36892,94993.17909,94989.3689,94993.17907,116.73
2026-06-12 23:57:00,94993.17907,94993.17911,94992.46207,94992.46212,160.53
2026-06-12 23:58:00,94992.46212,94998.1717,94992.46201,94998.17159,143.42
2026-06-12 23:59:00,94998.17159,94999.77957,94998.17154,94999.77952,117.99
2026-06-13 00:00:00,94999.77952,94999.77955,94994.60975,94994.60978,124.75
2026-06-13 00:01:00,94994.60978,95010.4062,94994.60973,95010.40614,235.1
2026-06-13 00:02:00,95010.40614,95010.40628,95008.85575,95008.85589,97.84
2026-06-13 00:03:00,95008.85589,95011.26693,95008.85578,95011.26682,99.13
2026-06-13 00:04:00,95011.26682,95016.5763,95011.26673,95016.57622,78.23
2026-06-13 00:05:00,95016.57622,95019.89514,95016.5762,95019.89512,192.28
2026-06-13 00:06:00,95019.89512,95019.89517,95004.3067,95004.30674,187.08
2026-06-13 00:07:00,95004.30674,95004.30677,95000.61151,95000.61153,137.82
2026-06-13 00:08:00,95000.61153,95000.61154,94986.70371,94986.70372,169.19
2026-06-13 00:09:00,94986.70372,94986.70376,94986.3949,94986.39494,164.25
2026-06-13 00:10:00,94986.39494,94991.05282,94986.39493,94991.05281,158.22
2026-06-13 00:11:00,94991.05281,94991.05284,94982.17701,94982.17704,121.38
2026-06-13 00:12:00,94982.17704,94986.32357,94982.17697,94986.32349,93.52
2026-06-13 00:13:00,94986.32349,94986.32349,94982.68662,94982.68662,213.75
2026-06-13 00:14:00,94982.68662,94995.0732,94982.68657,94995.07315,106.17
2026-06-13 00:15:00,94995.07315,94998.885,94995.07307,94998.88491,235.15
2026-06-13 00:16:00,94998.88491,94998.88498,94989.80589,94989.80595,108.41
2026-06-13 00:17:00,94989.80595,94992.83499,94989.80588,94992.83491,127.94
2026-06-13 00:18:00,94992.83491,94993.32736,94992.83481,94993.32726,240.45
2026-06-13 00:19:00,94993.32726,94996.50549,94993.32726,94996.50548,188.47
2026-06-13 00:20:00,94996.50548,94996.99911,94996.50546,94996.99909,164.74
2026-06-13 00:21:00,94996.99909,94997.4477,94996.99908,94997.4477,219.85
2026-06-13 00:22:00,94997.4477,94997.44786,94997.25107,94997.25123,103.88
2026-06-13 00:23:00,94997.25123,94997.25128,94987.35617,94987.35622,119.6
2026-06-13 00:24:00,94987.35622,94987.35628,94987.26779,94987.26785,163.55
2026-06-13 00:25:00,94987.26785,94991.94507,94987.26781,94991.94502,94.99
2026-06-13 00:26:00,94991.94502,94991.94506,94988.77181,94988.77186,72.02
2026-06-13 00:27:00,94988.77186,94994.72161,94988.77175,94994.72151,179.58
2026-06-13 00:28:00,94994.72151,94994.7228,94994.72149,94994.72279,121.79
2026-06-13 00:29:00,94994.72279,94994.7228,94992.73633,94992.73634,118.08
2026-06-13 00:30:00,94992.73634,94992.7364,94989.7494,94989.74946,228.31
2026-06-13 00:31:00,94989.74946,94995.37963,94989.74944,94995.37961,143.68
2026-06-13 00:32:00,94995.37961,94995.37963,94993.60406,94993.60408,412.22
2026-06-13 00:33:00,94993.60408,94993.60414,94987.63653,94987.63659,127.9
2026-06-13 00:34:00,94987.63659,94987.68289,94987.63658,94987.68288,112.37
2026-06-13 00:35:00,94987.68288,94997.60414,94987.68279,94997.60405,129.63
2026-06-13 00:36:00,94997.60405,95002.34879,94997.60402,95002.34876,79.51
2026-06-13 00:37:00,95002.34876,95004.70891,95002.34875,95004.7089,121.65
2026-06-13 00:38:00,95004.7089,95007.68701,95004.70888,95007.68699,210.26
2026-06-13 00:39:00,95007.68699,95007.7356,95007.68696,95007.73557,154.65
2026-06-13 00:40:00,95007.73557,95010.74079,95007.73555,95010.74078,228.61
2026-06-13 00:41:00,95010.74078,95015.47789,95010.74077,95015.47789,114.73
2026-06-13 00:42:00,95015.47789,95015.47793,95007.2764,95007.27644,405.33
2026-06-13 00:43:00,95007.27644,95007.27648,94999.26345,94999.26348,299.47
2026-06-13 00:44:00,94999.26348,95004.30533,94999.26346,95004.30532,297.65
2026-06-13 00:45:00,95004.30532,95004.93528,95004.30531,95004.93527,67.95
2026-06-13 00:46:00,95004.93527,95004.93529,95002.88711,95002.88713,124.85
2026-06-13 00:47:00,95002.88713,95002.88714,95002.70599,95002.706,127.66
2026-06-13 00:48:00,95002.706,95005.26748,95002.70595,95005.26742,183.84
2026-06-13 00:49:00,95005.26742,95005.26747,95002.81726,95002.8173,195.62
2026-06-13 00:50:00,95002.8173,95007.04843,95002.81728,95007.04841,182.22
2026-06-13 00:51:00,95007.04841,95007.04845,95002.87554,95002.87557,131.87
2026-06-13 00:52:00,95002.87557,95002.87559,95001.19911,95001.19912,74.42
2026-06-13 00:53:00,95001.19912,95008.46816,95001.19912,95008.46816,193.75
2026-06-13 00:54:00,95008.46816,95012.61024,95008.46812,95012.6102,140.33
2026-06-13 00:55:00,95012.6102,95012.61031,95011.30142,95011.30152,188.55
2026-06-13 00:56:00,95011.30152,95011.30154,95007.26586,95007.26588,263.59
2026-06-13 00:57:00,95007.26588,95009.21827,95007.26585,95009.21825,118.8
2026-06-13 00:58:00,95009.21825,95009.21828,95007.56454,95007.56458,208.59
2026-06-13 00:59:00,95007.56458,95007.56465,95002.27071,95002.27077,141.5
2026-06-13 01:00:00,95002.27077,95002.40749,95002.27072,95002.40743,156.23
2026-06-13 01:01:00,95002.40743,95002.40746,95001.2052,95001.20523,189.84
2026-06-13 01:02:00,95001.20523,95002.58744,95001.2052,95002.58742,222.6
2026-06-13 01:03:00,95002.58742,95009.11743,95002.58739,95009.11741,173.03
2026-06-13 01:04:00,95009.11741,95011.40975,95009.11739,95011.40974,82.81
2026-06-13 01:05:00,95011.40974,95011.40976,95001.93313,95001.93316,158.72
2026-06-13 01:06:00,95001.93316,95005.704,95001.93313,95005.70397,99.57
2026-06-13 01:07:00,95005.70397,95010.06661,95005.70391,95010.06655,221.96
2026-06-13 01:08:00,95010.06655,95018.54957,95010.06655,95018.54957,94.42
2026-06-13 01:09:00,95018.54957,95018.57449,95018.54951,95018.57443,128.01
2026-06-13 01:10:00,95018.57443,95018.57447,95014.60554,95014.60558,187.65
2026-06-13 01:11:00,95014.60558,95014.60559,95012.76261,95012.76262,102.19
2026-06-13 01:12:00,95012.76262,95012.89406,95012.76257,95012.89401,139.54
2026-06-13 01:13:00,95012.89401,95021.7851,95012.894,95021.78508,208.17
2026-06-13 01:14:00,95021.78508,95024.37543,95021.78507,95024.37543,226.19
2026-06-13 01:15:00,95024.37543,95024.37546,95016.65281,95016.65284,109.13
2026-06-13 01:16:00,95016.65284,95016.65291,95016.59244,95016.5925,199.45
2026-06-13 01:17:00,95016.5925,95016.5925,95009.38039,95009.3804,122.98
2026-06-13 01:18:00,95009.3804,95023.19454,95009.38034,95023.19448,142.23
2026-06-13 01:19:00,95023.19448,95026.65652,95023.19447,95026.65651,290.64
2026-06-13 01:20:00,95026.65651,95029.3297,95026.65645,95029.32964,114.22
2026-06-13 01:21:00,95029.32964,95029.32972,95026.45387,95026.45394,148.55
2026-06-13 01:22:00,95026.45394,95027.47007,95026.45391,95027.47003,173.68
2026-06-13 01:23:00,95027.47003,95027.47004,95023.62785,95023.62786,148.37
2026-06-13 01:24:00,95023.62786,95023.62788,95018.44695,95018.44696,101.91
2026-06-13 01:25:00,95018.44696,95018.44697,95010.9178,95010.91781,118.29
2026-06-13 01:26:00,95010.91781,95011.89804,95010.91778,95011.89801,167.52
2026-06-13 01:27:00,95011.89801,95013.70532,95011.898,95013.70531,102.74
2026-06-13 01:28:00,95013.70531,95013.70536,95012.152,95012.15205,94.49
2026-06-13 01:29:00,95012.15205,95012.15209,95010.50892,95010.50896,139.82
2026-06-13 01:30:00,95010.50896,95014.49821,95010.50889,95014.49814,73.73
2026-06-13 01:31:00,95014.49814,95014.72083,95014.49806,95014.72075,241.03
2026-06-13 01:32:00,95014.72075,95014.72077,95006.66051,95006.66052,214.32
2026-06-13 01:33:00,95006.66052,95010.70321,95006.66052,95010.70321,175.51
2026-06-13 01:34:00,95010.70321,95010.70324,95009.38152,95009.38156,84.36
2026-06-13 01:35:00,95009.38156,95019.01919,95009.38155,95019.01918,116.3
2026-06-13 01:36:00,95019.01918,95029.40295,95019.01911,95029.40288,105.19
2026-06-13 01:37:00,95029.40288,95029.40293,95022.45708,95022.45713,241.73
2026-06-13 01:38:00,95022.45713,95022.75398,95022.45707,95022.75392,119.87
2026-06-13 01:39:00,95022.75392,95024.39919,95022.75391,95024.39918,179.09
2026-06-13 01:40:00,95024.39918,95025.59345,95024.39911,95025.59338,118.41
2026-06-13 01:41:00,95025.59338,95034.2774,95025.5933,95034.27732,193.04
2026-06-13 01:42:00,95034.27732,95037.26451,95034.27729,95037.26448,326.16
2026-06-13 01:43:00,95037.26448,95041.88169,95037.26447,95041.88167,112.52
2026-06-13 01:44:00,95041.88167,95041.88169,95037.39672,95037.39674,220.65
2026-06-13 01:45:00,95037.39674,95041.87943,95037.3967,95041.87939,208.92
2026-06-13 01:46:00,95041.87939,95041.87939,95028.14594,95028.14595,86.79
2026-06-13 01:47:00,95028.14595,95033.92682,95028.14594,95033.92681,79.78
2026-06-13 01:48:00,95033.92681,95033.92689,95033.75285,95033.75293,173.72
2026-06-13 01:49:00,95033.75293,95033.75293,95031.52562,95031.52562,176.76
2026-06-13 01:50:00,95031.52562,95031.52568,95027.42974,95027.4298,111.77
2026-06-13 01:51:00,95027.4298,95027.42981,95023.05514,95023.05515,191.65
2026-06-13 01:52:00,95023.05515,95023.0552,95015.15235,95015.1524,237.84
2026-06-13 01:53:00,95015.1524,95017.01282,95015.15236,95017.01278,59.17
2026-06-13 01:54:00,95017.01278,95021.64198,95017.01277,95021.64196,167.61
2026-06-13 01:55:00,95021.64196,95021.64201,95020.43029,95020.43033,155.78
2026-06-13 01:56:00,95020.43033,95020.65735,95020.43032,95020.65734,185.87
2026-06-13 01:57:00,95020.65734,95021.63608,95020.65727,95021.63601,123.93
2026-06-13 01:58:00,95021.63601,95021.63603,95018.36428,95018.3643,77.4
2026-06-13 01:59:00,95018.3643,95022.19694,95018.36424,95022.19688,202.78
2026-06-13 02:00:00,95022.19688,95022.19691,95020.71086,95020.71089,183.35
2026-06-13 02:01:00,95020.71089,95020.71092,95013.13695,95013.13698,246.45
2026-06-13 02:02:00,95013.13698,95014.03101,95013.13698,95014.03101,164.77
2026-06-13 02:03:00,95014.03101,95014.03109,95009.6538,95009.65388,120.89
2026-06-13 02:04:00,95009.65388,95009.65391,95008.20354,95008.20357,165.02
2026-06-13 02:05:00,95008.20357,95008.20362,95004.39706,95004.39711,172.82
2026-06-13 02:06:00,95004.39711,95010.11434,95004.39708,95010.11432,238.53
2026-06-13 02:07:00,95010.11432,95010.11441,95003.99655,95003.99664,154.98
2026-06-13 02:08:00,95003.99664,95003.99668,95001.56676,95001.5668,167.9
2026-06-13 02:09:00,95001.5668,95001.56684,94994.91346,94994.9135,192.2
2026-06-13 02:10:00,94994.9135,94994.91352,94993.4476,94993.44762,264.85
2026-06-13 02:11:00,94993.44762,94997.26408,94993.44756,94997.26402,249.57
2026-06-13 02:12:00,94997.26402,94997.26407,94989.84226,94989.8423,110.67
2026-06-13 02:13:00,94989.8423,94989.84235,94983.77471,94983.77475,211.98
2026-06-13 02:14:00,94983.77475,94983.77481,94980.25903,94980.25908,146.99
2026-06-13 02:15:00,94980.25908,94980.25915,94977.69593,94977.696,132.54
2026-06-13 02:16:00,94977.696,94981.89854,94977.696,94981.89853,124.75
2026-06-13 02:17:00,94981.89853,94981.89856,94977.51737,94977.5174,153.08
2026-06-13 02:18:00,94977.5174,94977.51748,94976.94676,94976.94684,143.84
2026-06-13 02:19:00,94976.94684,94985.77492,94976.94683,94985.77492,111.71
2026-06-13 02:20:00,94985.77492,94987.21126,94985.77491,94987.21126,229.06
2026-06-13 02:21:00,94987.21126,94994.77929,94987.2112,94994.77923,126.43
2026-06-13 02:22:00,94994.77923,94994.77926,94990.2316,94990.23163,170.88
2026-06-13 02:23:00,94990.23163,94990.23166,94985.33691,94985.33694,124.0
2026-06-13 02:24:00,94985.33694,94988.0215,94985.33686,94988.02143,98.16
2026-06-13 02:25:00,94988.02143,94991.32783,94988.0214,94991.3278,184.04
2026-06-13 02:26:00,94991.3278,94999.89428,94991.32777,94999.89426,138.27
2026-06-13 02:27:00,94999.89426,94999.89427,94998.9516,94998.95162,139.32
2026-06-13 02:28:00,94998.95162,94998.95168,94993.20932,94993.20939,148.45
2026-06-13 02:29:00,94993.20939,94993.30863,94993.20936,94993.3086,215.82
2026-06-13 02:30:00,94993.3086,94993.30864,94991.38101,94991.38104,113.57
2026-06-13 02:31:00,94991.38104,94998.11955,94991.381,94998.11951,109.62
2026-06-13 02:32:00,94998.11951,94998.92224,94998.1195,94998.92223,108.15
2026-06-13 02:33:00,94998.92223,94998.92226,94993.4197,94993.41973,147.85
2026-06-13 02:34:00,94993.41973,94996.85749,94993.41971,94996.85747,107.28
2026-06-13 02:35:00,94996.85747,94996.85748,94994.11981,94994.11982,167.25
2026-06-13 02:36:00,94994.11982,95000.7049,94994.11975,95000.70483,69.79
2026-06-13 02:37:00,95000.70483,95000.70485,95000.69856,95000.69858,123.07
2026-06-13 02:38:00,95000.69858,95003.15264,95000.69857,95003.15263,180.46
2026-06-13 02:39:00,95003.15263,95003.15264,94998.63509,94998.6351,139.56
2026-06-13 02:40:00,94998.6351,94999.48947,94998.63503,94999.48939,134.74
2026-06-13 02:41:00,94999.48939,94999.48941,94998.70223,94998.70225,73.38
2026-06-13 02:42:00,94998.70225,95001.47456,94998.70222,95001.47453,126.4
2026-06-13 02:43:00,95001.47453,95001.47457,94993.71495,94993.71499,194.04
2026-06-13 02:44:00,94993.71499,94994.55788,94993.71498,94994.55787,188.9
2026-06-13 02:45:00,94994.55787,94998.85706,94994.55786,94998.85706,236.51
2026-06-13 02:46:00,94998.85706,95002.65772,94998.85704,95002.6577,205.36
2026-06-13 02:47:00,95002.6577,95002.65775,94995.47241,94995.47246,172.55
2026-06-13 02:48:00,94995.47246,95004.13995,94995.47242,95004.13992,216.09
2026-06-13 02:49:00,95004.13992,95004.463,95004.13989,95004.46297,104.24
2026-06-13 02:50:00,95004.46297,95004.463,94994.97009,94994.97012,166.87
2026-06-13 02:51:00,94994.97012,94997.59465,94994.97011,94997.59465,212.11
2026-06-13 02:52:00,94997.59465,94997.8696,94997.59465,94997.8696,207.31
2026-06-13 02:53:00,94997.8696,95001.24483,94997.8696,95001.24483,180.65
2026-06-13 02:54:00,95001.24483,95012.4327,95001.24477,95012.43265,132.76
2026-06-13 02:55:00,95012.43265,95012.43268,95010.97627,95010.9763,243.42
2026-06-13 02:56:00,95010.9763,95010.97631,94998.20831,94998.20832,168.78
2026-06-13 02:57:00,94998.20832,95000.01301,94998.20828,95000.01298,55.42
2026-06-13 02:58:00,95000.01298,95003.35634,95000.01295,95003.35632,153.78
2026-06-13 02:59:00,95003.35632,95007.81357,95003.35628,95007.81352,162.35
